index,floretion,x_coord,y_coord,oct
0,37449,0,0,111111
1,37450,0,1,111112
2,37452,1,1,111114
3,37455,1,0,111117
4,37457,0,2,111121
5,37458,0,3,111122
6,37460,1,3,111124
7,37463,1,2,111127
8,37473,2,2,111141
9,37474,2,3,111142
10,37476,3,3,111144
11,37479,3,2,111147
12,37497,2,0,111171
13,37498,2,1,111172
14,37500,3,1,111174
15,37503,3,0,111177
16,37513,0,4,111211
17,37514,0,5,111212
18,37516,1,5,111214
19,37519,1,4,111217
20,37521,0,6,111221
21,37522,0,7,111222
22,37524,1,7,111224
23,37527,1,6,111227
24,37537,2,6,111241
25,37538,2,7,111242
26,37540,3,7,111244
27,37543,3,6,111247
28,37561,2,4,111271
29,37562,2,5,111272
30,37564,3,5,111274
31,37567,3,4,111277
32,37641,4,4,111411
33,37642,4,5,111412
34,37644,5,5,111414
35,37647,5,4,111417
36,37649,4,6,111421
37,37650,4,7,111422
38,37652,5,7,111424
39,37655,5,6,111427
40,37665,6,6,111441
41,37666,6,7,111442
42,37668,7,7,111444
43,37671,7,6,111447
44,37689,6,4,111471
45,37690,6,5,111472
46,37692,7,5,111474
47,37695,7,4,111477
48,37833,4,0,111711
49,37834,4,1,111712
50,37836,5,1,111714
51,37839,5,0,111717
52,37841,4,2,111721
53,37842,4,3,111722
54,37844,5,3,111724
55,37847,5,2,111727
56,37857,6,2,111741
57,37858,6,3,111742
58,37860,7,3,111744
59,37863,7,2,111747
60,37881,6,0,111771
61,37882,6,1,111772
62,37884,7,1,111774
63,37887,7,0,111777
64,37961,0,8,112111
65,37962,0,9,112112
66,37964,1,9,112114
67,37967,1,8,112117
68,37969,0,10,112121
69,37970,0,11,112122
70,37972,1,11,112124
71,37975,1,10,112127
72,37985,2,10,112141
73,37986,2,11,112142
74,37988,3,11,112144
75,37991,3,10,112147
76,38009,2,8,112171
77,38010,2,9,112172
78,38012,3,9,112174
79,38015,3,8,112177
80,38025,0,12,112211
81,38026,0,13,112212
82,38028,1,13,112214
83,38031,1,12,112217
84,38033,0,14,112221
85,38034,0,15,112222
86,38036,1,15,112224
87,38039,1,14,112227
88,38049,2,14,112241
89,38050,2,15,112242
90,38052,3,15,112244
91,38055,3,14,112247
92,38073,2,12,112271
93,38074,2,13,112272
94,38076,3,13,112274
95,38079,3,12,112277
96,38153,4,12,112411
97,38154,4,13,112412
98,38156,5,13,112414
99,38159,5,12,112417
100,38161,4,14,112421
101,38162,4,15,112422
102,38164,5,15,112424
103,38167,5,14,112427
104,38177,6,14,112441
105,38178,6,15,112442
106,38180,7,15,112444
107,38183,7,14,112447
108,38201,6,12,112471
109,38202,6,13,112472
110,38204,7,13,112474
111,38207,7,12,112477
112,38345,4,8,112711
113,38346,4,9,112712
114,38348,5,9,112714
115,38351,5,8,112717
116,38353,4,10,112721
117,38354,4,11,112722
118,38356,5,11,112724
119,38359,5,10,112727
120,38369,6,10,112741
121,38370,6,11,112742
122,38372,7,11,112744
123,38375,7,10,112747
124,38393,6,8,112771
125,38394,6,9,112772
126,38396,7,9,112774
127,38399,7,8,112777
128,38985,8,8,114111
129,38986,8,9,114112
130,38988,9,9,114114
131,38991,9,8,114117
132,38993,8,10,114121
133,38994,8,11,114122
134,38996,9,11,114124
135,38999,9,10,114127
136,39009,10,10,114141
137,39010,10,11,114142
138,39012,11,11,114144
139,39015,11,10,114147
140,39033,10,8,114171
141,39034,10,9,114172
142,39036,11,9,114174
143,39039,11,8,114177
144,39049,8,12,114211
145,39050,8,13,114212
146,39052,9,13,114214
147,39055,9,12,114217
148,39057,8,14,114221
149,39058,8,15,114222
150,39060,9,15,114224
151,39063,9,14,114227
152,39073,10,14,114241
153,39074,10,15,114242
154,39076,11,15,114244
155,39079,11,14,114247
156,39097,10,12,114271
157,39098,10,13,114272
158,39100,11,13,114274
159,39103,11,12,114277
160,39177,12,12,114411
161,39178,12,13,114412
162,39180,13,13,114414
163,39183,13,12,114417
164,39185,12,14,114421
165,39186,12,15,114422
166,39188,13,15,114424
167,39191,13,14,114427
168,39201,14,14,114441
169,39202,14,15,114442
170,39204,15,15,114444
171,39207,15,14,114447
172,39225,14,12,114471
173,39226,14,13,114472
174,39228,15,13,114474
175,39231,15,12,114477
176,39369,12,8,114711
177,39370,12,9,114712
178,39372,13,9,114714
179,39375,13,8,114717
180,39377,12,10,114721
181,39378,12,11,114722
182,39380,13,11,114724
183,39383,13,10,114727
184,39393,14,10,114741
185,39394,14,11,114742
186,39396,15,11,114744
187,39399,15,10,114747
188,39417,14,8,114771
189,39418,14,9,114772
190,39420,15,9,114774
191,39423,15,8,114777
192,40521,8,0,117111
193,40522,8,1,117112
194,40524,9,1,117114
195,40527,9,0,117117
196,40529,8,2,117121
197,40530,8,3,117122
198,40532,9,3,117124
199,40535,9,2,117127
200,40545,10,2,117141
201,40546,10,3,117142
202,40548,11,3,117144
203,40551,11,2,117147
204,40569,10,0,117171
205,40570,10,1,117172
206,40572,11,1,117174
207,40575,11,0,117177
208,40585,8,4,117211
209,40586,8,5,117212
210,40588,9,5,117214
211,40591,9,4,117217
212,40593,8,6,117221
213,40594,8,7,117222
214,40596,9,7,117224
215,40599,9,6,117227
216,40609,10,6,117241
217,40610,10,7,117242
218,40612,11,7,117244
219,40615,11,6,117247
220,40633,10,4,117271
221,40634,10,5,117272
222,40636,11,5,117274
223,40639,11,4,117277
224,40713,12,4,117411
225,40714,12,5,117412
226,40716,13,5,117414
227,40719,13,4,117417
228,40721,12,6,117421
229,40722,12,7,117422
230,40724,13,7,117424
231,40727,13,6,117427
232,40737,14,6,117441
233,40738,14,7,117442
234,40740,15,7,117444
235,40743,15,6,117447
236,40761,14,4,117471
237,40762,14,5,117472
238,40764,15,5,117474
239,40767,15,4,117477
240,40905,12,0,117711
241,40906,12,1,117712
242,40908,13,1,117714
243,40911,13,0,117717
244,40913,12,2,117721
245,40914,12,3,117722
246,40916,13,3,117724
247,40919,13,2,117727
248,40929,14,2,117741
249,40930,14,3,117742
250,40932,15,3,117744
251,40935,15,2,117747
252,40953,14,0,117771
253,40954,14,1,117772
254,40956,15,1,117774
255,40959,15,0,117777
256,41545,0,16,121111
257,41546,0,17,121112
258,41548,1,17,121114
259,41551,1,16,121117
260,41553,0,18,121121
261,41554,0,19,121122
262,41556,1,19,121124
263,41559,1,18,121127
264,41569,2,18,121141
265,41570,2,19,121142
266,41572,3,19,121144
267,41575,3,18,121147
268,41593,2,16,121171
269,41594,2,17,121172
270,41596,3,17,121174
271,41599,3,16,121177
272,41609,0,20,121211
273,41610,0,21,121212
274,41612,1,21,121214
275,41615,1,20,121217
276,41617,0,22,121221
277,41618,0,23,121222
278,41620,1,23,121224
279,41623,1,22,121227
280,41633,2,22,121241
281,41634,2,23,121242
282,41636,3,23,121244
283,41639,3,22,121247
284,41657,2,20,121271
285,41658,2,21,121272
286,41660,3,21,121274
287,41663,3,20,121277
288,41737,4,20,121411
289,41738,4,21,121412
290,41740,5,21,121414
291,41743,5,20,121417
292,41745,4,22,121421
293,41746,4,23,121422
294,41748,5,23,121424
295,41751,5,22,121427
296,41761,6,22,121441
297,41762,6,23,121442
298,41764,7,23,121444
299,41767,7,22,121447
300,41785,6,20,121471
301,41786,6,21,121472
302,41788,7,21,121474
303,41791,7,20,121477
304,41929,4,16,121711
305,41930,4,17,121712
306,41932,5,17,121714
307,41935,5,16,121717
308,41937,4,18,121721
309,41938,4,19,121722
310,41940,5,19,121724
311,41943,5,18,121727
312,41953,6,18,121741
313,41954,6,19,121742
314,41956,7,19,121744
315,41959,7,18,121747
316,41977,6,16,121771
317,41978,6,17,121772
318,41980,7,17,121774
319,41983,7,16,121777
320,42057,0,24,122111
321,42058,0,25,122112
322,42060,1,25,122114
323,42063,1,24,122117
324,42065,0,26,122121
325,42066,0,27,122122
326,42068,1,27,122124
327,42071,1,26,122127
328,42081,2,26,122141
329,42082,2,27,122142
330,42084,3,27,122144
331,42087,3,26,122147
332,42105,2,24,122171
333,42106,2,25,122172
334,42108,3,25,122174
335,42111,3,24,122177
336,42121,0,28,122211
337,42122,0,29,122212
338,42124,1,29,122214
339,42127,1,28,122217
340,42129,0,30,122221
341,42130,0,31,122222
342,42132,1,31,122224
343,42135,1,30,122227
344,42145,2,30,122241
345,42146,2,31,122242
346,42148,3,31,122244
347,42151,3,30,122247
348,42169,2,28,122271
349,42170,2,29,122272
350,42172,3,29,122274
351,42175,3,28,122277
352,42249,4,28,122411
353,42250,4,29,122412
354,42252,5,29,122414
355,42255,5,28,122417
356,42257,4,30,122421
357,42258,4,31,122422
358,42260,5,31,122424
359,42263,5,30,122427
360,42273,6,30,122441
361,42274,6,31,122442
362,42276,7,31,122444
363,42279,7,30,122447
364,42297,6,28,122471
365,42298,6,29,122472
366,42300,7,29,122474
367,42303,7,28,122477
368,42441,4,24,122711
369,42442,4,25,122712
370,42444,5,25,122714
371,42447,5,24,122717
372,42449,4,26,122721
373,42450,4,27,122722
374,42452,5,27,122724
375,42455,5,26,122727
376,42465,6,26,122741
377,42466,6,27,122742
378,42468,7,27,122744
379,42471,7,26,122747
380,42489,6,24,122771
381,42490,6,25,122772
382,42492,7,25,122774
383,42495,7,24,122777
384,43081,8,24,124111
385,43082,8,25,124112
386,43084,9,25,124114
387,43087,9,24,124117
388,43089,8,26,124121
389,43090,8,27,124122
390,43092,9,27,124124
391,43095,9,26,124127
392,43105,10,26,124141
393,43106,10,27,124142
394,43108,11,27,124144
395,43111,11,26,124147
396,43129,10,24,124171
397,43130,10,25,124172
398,43132,11,25,124174
399,43135,11,24,124177
400,43145,8,28,124211
401,43146,8,29,124212
402,43148,9,29,124214
403,43151,9,28,124217
404,43153,8,30,124221
405,43154,8,31,124222
406,43156,9,31,124224
407,43159,9,30,124227
408,43169,10,30,124241
409,43170,10,31,124242
410,43172,11,31,124244
411,43175,11,30,124247
412,43193,10,28,124271
413,43194,10,29,124272
414,43196,11,29,124274
415,43199,11,28,124277
416,43273,12,28,124411
417,43274,12,29,124412
418,43276,13,29,124414
419,43279,13,28,124417
420,43281,12,30,124421
421,43282,12,31,124422
422,43284,13,31,124424
423,43287,13,30,124427
424,43297,14,30,124441
425,43298,14,31,124442
426,43300,15,31,124444
427,43303,15,30,124447
428,43321,14,28,124471
429,43322,14,29,124472
430,43324,15,29,124474
431,43327,15,28,124477
432,43465,12,24,124711
433,43466,12,25,124712
434,43468,13,25,124714
435,43471,13,24,124717
436,43473,12,26,124721
437,43474,12,27,124722
438,43476,13,27,124724
439,43479,13,26,124727
440,43489,14,26,124741
441,43490,14,27,124742
442,43492,15,27,124744
443,43495,15,26,124747
444,43513,14,24,124771
445,43514,14,25,124772
446,43516,15,25,124774
447,43519,15,24,124777
448,44617,8,16,127111
449,44618,8,17,127112
450,44620,9,17,127114
451,44623,9,16,127117
452,44625,8,18,127121
453,44626,8,19,127122
454,44628,9,19,127124
455,44631,9,18,127127
456,44641,10,18,127141
457,44642,10,19,127142
458,44644,11,19,127144
459,44647,11,18,127147
460,44665,10,16,127171
461,44666,10,17,127172
462,44668,11,17,127174
463,44671,11,16,127177
464,44681,8,20,127211
465,44682,8,21,127212
466,44684,9,21,127214
467,44687,9,20,127217
468,44689,8,22,127221
469,44690,8,23,127222
470,44692,9,23,127224
471,44695,9,22,127227
472,44705,10,22,127241
473,44706,10,23,127242
474,44708,11,23,127244
475,44711,11,22,127247
476,44729,10,20,127271
477,44730,10,21,127272
478,44732,11,21,127274
479,44735,11,20,127277
480,44809,12,20,127411
481,44810,12,21,127412
482,44812,13,21,127414
483,44815,13,20,127417
484,44817,12,22,127421
485,44818,12,23,127422
486,44820,13,23,127424
487,44823,13,22,127427
488,44833,14,22,127441
489,44834,14,23,127442
490,44836,15,23,127444
491,44839,15,22,127447
492,44857,14,20,127471
493,44858,14,21,127472
494,44860,15,21,127474
495,44863,15,20,127477
496,45001,12,16,127711
497,45002,12,17,127712
498,45004,13,17,127714
499,45007,13,16,127717
500,45009,12,18,127721
501,45010,12,19,127722
502,45012,13,19,127724
503,45015,13,18,127727
504,45025,14,18,127741
505,45026,14,19,127742
506,45028,15,19,127744
507,45031,15,18,127747
508,45049,14,16,127771
509,45050,14,17,127772
510,45052,15,17,127774
511,45055,15,16,127777
512,49737,16,16,141111
513,49738,16,17,141112
514,49740,17,17,141114
515,49743,17,16,141117
516,49745,16,18,141121
517,49746,16,19,141122
518,49748,17,19,141124
519,49751,17,18,141127
520,49761,18,18,141141
521,49762,18,19,141142
522,49764,19,19,141144
523,49767,19,18,141147
524,49785,18,16,141171
525,49786,18,17,141172
526,49788,19,17,141174
527,49791,19,16,141177
528,49801,16,20,141211
529,49802,16,21,141212
530,49804,17,21,141214
531,49807,17,20,141217
532,49809,16,22,141221
533,49810,16,23,141222
534,49812,17,23,141224
535,49815,17,22,141227
536,49825,18,22,141241
537,49826,18,23,141242
538,49828,19,23,141244
539,49831,19,22,141247
540,49849,18,20,141271
541,49850,18,21,141272
542,49852,19,21,141274
543,49855,19,20,141277
544,49929,20,20,141411
545,49930,20,21,141412
546,49932,21,21,141414
547,49935,21,20,141417
548,49937,20,22,141421
549,49938,20,23,141422
550,49940,21,23,141424
551,49943,21,22,141427
552,49953,22,22,141441
553,49954,22,23,141442
554,49956,23,23,141444
555,49959,23,22,141447
556,49977,22,20,141471
557,49978,22,21,141472
558,49980,23,21,141474
559,49983,23,20,141477
560,50121,20,16,141711
561,50122,20,17,141712
562,50124,21,17,141714
563,50127,21,16,141717
564,50129,20,18,141721
565,50130,20,19,141722
566,50132,21,19,141724
567,50135,21,18,141727
568,50145,22,18,141741
569,50146,22,19,141742
570,50148,23,19,141744
571,50151,23,18,141747
572,50169,22,16,141771
573,50170,22,17,141772
574,50172,23,17,141774
575,50175,23,16,141777
576,50249,16,24,142111
577,50250,16,25,142112
578,50252,17,25,142114
579,50255,17,24,142117
580,50257,16,26,142121
581,50258,16,27,142122
582,50260,17,27,142124
583,50263,17,26,142127
584,50273,18,26,142141
585,50274,18,27,142142
586,50276,19,27,142144
587,50279,19,26,142147
588,50297,18,24,142171
589,50298,18,25,142172
590,50300,19,25,142174
591,50303,19,24,142177
592,50313,16,28,142211
593,50314,16,29,142212
594,50316,17,29,142214
595,50319,17,28,142217
596,50321,16,30,142221
597,50322,16,31,142222
598,50324,17,31,142224
599,50327,17,30,142227
600,50337,18,30,142241
601,50338,18,31,142242
602,50340,19,31,142244
603,50343,19,30,142247
604,50361,18,28,142271
605,50362,18,29,142272
606,50364,19,29,142274
607,50367,19,28,142277
608,50441,20,28,142411
609,50442,20,29,142412
610,50444,21,29,142414
611,50447,21,28,142417
612,50449,20,30,142421
613,50450,20,31,142422
614,50452,21,31,142424
615,50455,21,30,142427
616,50465,22,30,142441
617,50466,22,31,142442
618,50468,23,31,142444
619,50471,23,30,142447
620,50489,22,28,142471
621,50490,22,29,142472
622,50492,23,29,142474
623,50495,23,28,142477
624,50633,20,24,142711
625,50634,20,25,142712
626,50636,21,25,142714
627,50639,21,24,142717
628,50641,20,26,142721
629,50642,20,27,142722
630,50644,21,27,142724
631,50647,21,26,142727
632,50657,22,26,142741
633,50658,22,27,142742
634,50660,23,27,142744
635,50663,23,26,142747
636,50681,22,24,142771
637,50682,22,25,142772
638,50684,23,25,142774
639,50687,23,24,142777
640,51273,24,24,144111
641,51274,24,25,144112
642,51276,25,25,144114
643,51279,25,24,144117
644,51281,24,26,144121
645,51282,24,27,144122
646,51284,25,27,144124
647,51287,25,26,144127
648,51297,26,26,144141
649,51298,26,27,144142
650,51300,27,27,144144
651,51303,27,26,144147
652,51321,26,24,144171
653,51322,26,25,144172
654,51324,27,25,144174
655,51327,27,24,144177
656,51337,24,28,144211
657,51338,24,29,144212
658,51340,25,29,144214
659,51343,25,28,144217
660,51345,24,30,144221
661,51346,24,31,144222
662,51348,25,31,144224
663,51351,25,30,144227
664,51361,26,30,144241
665,51362,26,31,144242
666,51364,27,31,144244
667,51367,27,30,144247
668,51385,26,28,144271
669,51386,26,29,144272
670,51388,27,29,144274
671,51391,27,28,144277
672,51465,28,28,144411
673,51466,28,29,144412
674,51468,29,29,144414
675,51471,29,28,144417
676,51473,28,30,144421
677,51474,28,31,144422
678,51476,29,31,144424
679,51479,29,30,144427
680,51489,30,30,144441
681,51490,30,31,144442
682,51492,31,31,144444
683,51495,31,30,144447
684,51513,30,28,144471
685,51514,30,29,144472
686,51516,31,29,144474
687,51519,31,28,144477
688,51657,28,24,144711
689,51658,28,25,144712
690,51660,29,25,144714
691,51663,29,24,144717
692,51665,28,26,144721
693,51666,28,27,144722
694,51668,29,27,144724
695,51671,29,26,144727
696,51681,30,26,144741
697,51682,30,27,144742
698,51684,31,27,144744
699,51687,31,26,144747
700,51705,30,24,144771
701,51706,30,25,144772
702,51708,31,25,144774
703,51711,31,24,144777
704,52809,24,16,147111
705,52810,24,17,147112
706,52812,25,17,147114
707,52815,25,16,147117
708,52817,24,18,147121
709,52818,24,19,147122
710,52820,25,19,147124
711,52823,25,18,147127
712,52833,26,18,147141
713,52834,26,19,147142
714,52836,27,19,147144
715,52839,27,18,147147
716,52857,26,16,147171
717,52858,26,17,147172
718,52860,27,17,147174
719,52863,27,16,147177
720,52873,24,20,147211
721,52874,24,21,147212
722,52876,25,21,147214
723,52879,25,20,147217
724,52881,24,22,147221
725,52882,24,23,147222
726,52884,25,23,147224
727,52887,25,22,147227
728,52897,26,22,147241
729,52898,26,23,147242
730,52900,27,23,147244
731,52903,27,22,147247
732,52921,26,20,147271
733,52922,26,21,147272
734,52924,27,21,147274
735,52927,27,20,147277
736,53001,28,20,147411
737,53002,28,21,147412
738,53004,29,21,147414
739,53007,29,20,147417
740,53009,28,22,147421
741,53010,28,23,147422
742,53012,29,23,147424
743,53015,29,22,147427
744,53025,30,22,147441
745,53026,30,23,147442
746,53028,31,23,147444
747,53031,31,22,147447
748,53049,30,20,147471
749,53050,30,21,147472
750,53052,31,21,147474
751,53055,31,20,147477
752,53193,28,16,147711
753,53194,28,17,147712
754,53196,29,17,147714
755,53199,29,16,147717
756,53201,28,18,147721
757,53202,28,19,147722
758,53204,29,19,147724
759,53207,29,18,147727
760,53217,30,18,147741
761,53218,30,19,147742
762,53220,31,19,147744
763,53223,31,18,147747
764,53241,30,16,147771
765,53242,30,17,147772
766,53244,31,17,147774
767,53247,31,16,147777
768,62025,16,0,171111
769,62026,16,1,171112
770,62028,17,1,171114
771,62031,17,0,171117
772,62033,16,2,171121
773,62034,16,3,171122
774,62036,17,3,171124
775,62039,17,2,171127
776,62049,18,2,171141
777,62050,18,3,171142
778,62052,19,3,171144
779,62055,19,2,171147
780,62073,18,0,171171
781,62074,18,1,171172
782,62076,19,1,171174
783,62079,19,0,171177
784,62089,16,4,171211
785,62090,16,5,171212
786,62092,17,5,171214
787,62095,17,4,171217
788,62097,16,6,171221
789,62098,16,7,171222
790,62100,17,7,171224
791,62103,17,6,171227
792,62113,18,6,171241
793,62114,18,7,171242
794,62116,19,7,171244
795,62119,19,6,171247
796,62137,18,4,171271
797,62138,18,5,171272
798,62140,19,5,171274
799,62143,19,4,171277
800,62217,20,4,171411
801,62218,20,5,171412
802,62220,21,5,171414
803,62223,21,4,171417
804,62225,20,6,171421
805,62226,20,7,171422
806,62228,21,7,171424
807,62231,21,6,171427
808,62241,22,6,171441
809,62242,22,7,171442
810,62244,23,7,171444
811,62247,23,6,171447
812,62265,22,4,171471
813,62266,22,5,171472
814,62268,23,5,171474
815,62271,23,4,171477
816,62409,20,0,171711
817,62410,20,1,171712
818,62412,21,1,171714
819,62415,21,0,171717
820,62417,20,2,171721
821,62418,20,3,171722
822,62420,21,3,171724
823,62423,21,2,171727
824,62433,22,2,171741
825,62434,22,3,171742
826,62436,23,3,171744
827,62439,23,2,171747
828,62457,22,0,171771
829,62458,22,1,171772
830,62460,23,1,171774
831,62463,23,0,171777
832,62537,16,8,172111
833,62538,16,9,172112
834,62540,17,9,172114
835,62543,17,8,172117
836,62545,16,10,172121
837,62546,16,11,172122
838,62548,17,11,172124
839,62551,17,10,172127
840,62561,18,10,172141
841,62562,18,11,172142
842,62564,19,11,172144
843,62567,19,10,172147
844,62585,18,8,172171
845,62586,18,9,172172
846,62588,19,9,172174
847,62591,19,8,172177
848,62601,16,12,172211
849,62602,16,13,172212
850,62604,17,13,172214
851,62607,17,12,172217
852,62609,16,14,172221
853,62610,16,15,172222
854,62612,17,15,172224
855,62615,17,14,172227
856,62625,18,14,172241
857,62626,18,15,172242
858,62628,19,15,172244
859,62631,19,14,172247
860,62649,18,12,172271
861,62650,18,13,172272
862,62652,19,13,172274
863,62655,19,12,172277
864,62729,20,12,172411
865,62730,20,13,172412
866,62732,21,13,172414
867,62735,21,12,172417
868,62737,20,14,172421
869,62738,20,15,172422
870,62740,21,15,172424
871,62743,21,14,172427
872,62753,22,14,172441
873,62754,22,15,172442
874,62756,23,15,172444
875,62759,23,14,172447
876,62777,22,12,172471
877,62778,22,13,172472
878,62780,23,13,172474
879,62783,23,12,172477
880,62921,20,8,172711
881,62922,20,9,172712
882,62924,21,9,172714
883,62927,21,8,172717
884,62929,20,10,172721
885,62930,20,11,172722
886,62932,21,11,172724
887,62935,21,10,172727
888,62945,22,10,172741
889,62946,22,11,172742
890,62948,23,11,172744
891,62951,23,10,172747
892,62969,22,8,172771
893,62970,22,9,172772
894,62972,23,9,172774
895,62975,23,8,172777
896,63561,24,8,174111
897,63562,24,9,174112
898,63564,25,9,174114
899,63567,25,8,174117
900,63569,24,10,174121
901,63570,24,11,174122
902,63572,25,11,174124
903,63575,25,10,174127
904,63585,26,10,174141
905,63586,26,11,174142
906,63588,27,11,174144
907,63591,27,10,174147
908,63609,26,8,174171
909,63610,26,9,174172
910,63612,27,9,174174
911,63615,27,8,174177
912,63625,24,12,174211
913,63626,24,13,174212
914,63628,25,13,174214
915,63631,25,12,174217
916,63633,24,14,174221
917,63634,24,15,174222
918,63636,25,15,174224
919,63639,25,14,174227
920,63649,26,14,174241
921,63650,26,15,174242
922,63652,27,15,174244
923,63655,27,14,174247
924,63673,26,12,174271
925,63674,26,13,174272
926,63676,27,13,174274
927,63679,27,12,174277
928,63753,28,12,174411
929,63754,28,13,174412
930,63756,29,13,174414
931,63759,29,12,174417
932,63761,28,14,174421
933,63762,28,15,174422
934,63764,29,15,174424
935,63767,29,14,174427
936,63777,30,14,174441
937,63778,30,15,174442
938,63780,31,15,174444
939,63783,31,14,174447
940,63801,30,12,174471
941,63802,30,13,174472
942,63804,31,13,174474
943,63807,31,12,174477
944,63945,28,8,174711
945,63946,28,9,174712
946,63948,29,9,174714
947,63951,29,8,174717
948,63953,28,10,174721
949,63954,28,11,174722
950,63956,29,11,174724
951,63959,29,10,174727
952,63969,30,10,174741
953,63970,30,11,174742
954,63972,31,11,174744
955,63975,31,10,174747
956,63993,30,8,174771
957,63994,30,9,174772
958,63996,31,9,174774
959,63999,31,8,174777
960,65097,24,0,177111
961,65098,24,1,177112
962,65100,25,1,177114
963,65103,25,0,177117
964,65105,24,2,177121
965,65106,24,3,177122
966,65108,25,3,177124
967,65111,25,2,177127
968,65121,26,2,177141
969,65122,26,3,177142
970,65124,27,3,177144
971,65127,27,2,177147
972,65145,26,0,177171
973,65146,26,1,177172
974,65148,27,1,177174
975,65151,27,0,177177
976,65161,24,4,177211
977,65162,24,5,177212
978,65164,25,5,177214
979,65167,25,4,177217
980,65169,24,6,177221
981,65170,24,7,177222
982,65172,25,7,177224
983,65175,25,6,177227
984,65185,26,6,177241
985,65186,26,7,177242
986,65188,27,7,177244
987,65191,27,6,177247
988,65209,26,4,177271
989,65210,26,5,177272
990,65212,27,5,177274
991,65215,27,4,177277
992,65289,28,4,177411
993,65290,28,5,177412
994,65292,29,5,177414
995,65295,29,4,177417
996,65297,28,6,177421
997,65298,28,7,177422
998,65300,29,7,177424
999,65303,29,6,177427
1000,65313,30,6,177441
1001,65314,30,7,177442
1002,65316,31,7,177444
1003,65319,31,6,177447
1004,65337,30,4,177471
1005,65338,30,5,177472
1006,65340,31,5,177474
1007,65343,31,4,177477
1008,65481,28,0,177711
1009,65482,28,1,177712
1010,65484,29,1,177714
1011,65487,29,0,177717
1012,65489,28,2,177721
1013,65490,28,3,177722
1014,65492,29,3,177724
1015,65495,29,2,177727
1016,65505,30,2,177741
1017,65506,30,3,177742
1018,65508,31,3,177744
1019,65511,31,2,177747
1020,65529,30,0,177771
1021,65530,30,1,177772
1022,65532,31,1,177774
1023,65535,31,0,177777
1024,70217,0,32,211111
1025,70218,0,33,211112
1026,70220,1,33,211114
1027,70223,1,32,211117
1028,70225,0,34,211121
1029,70226,0,35,211122
1030,70228,1,35,211124
1031,70231,1,34,211127
1032,70241,2,34,211141
1033,70242,2,35,211142
1034,70244,3,35,211144
1035,70247,3,34,211147
1036,70265,2,32,211171
1037,70266,2,33,211172
1038,70268,3,33,211174
1039,70271,3,32,211177
1040,70281,0,36,211211
1041,70282,0,37,211212
1042,70284,1,37,211214
1043,70287,1,36,211217
1044,70289,0,38,211221
1045,70290,0,39,211222
1046,70292,1,39,211224
1047,70295,1,38,211227
1048,70305,2,38,211241
1049,70306,2,39,211242
1050,70308,3,39,211244
1051,70311,3,38,211247
1052,70329,2,36,211271
1053,70330,2,37,211272
1054,70332,3,37,211274
1055,70335,3,36,211277
1056,70409,4,36,211411
1057,70410,4,37,211412
1058,70412,5,37,211414
1059,70415,5,36,211417
1060,70417,4,38,211421
1061,70418,4,39,211422
1062,70420,5,39,211424
1063,70423,5,38,211427
1064,70433,6,38,211441
1065,70434,6,39,211442
1066,70436,7,39,211444
1067,70439,7,38,211447
1068,70457,6,36,211471
1069,70458,6,37,211472
1070,70460,7,37,211474
1071,70463,7,36,211477
1072,70601,4,32,211711
1073,70602,4,33,211712
1074,70604,5,33,211714
1075,70607,5,32,211717
1076,70609,4,34,211721
1077,70610,4,35,211722
1078,70612,5,35,211724
1079,70615,5,34,211727
1080,70625,6,34,211741
1081,70626,6,35,211742
1082,70628,7,35,211744
1083,70631,7,34,211747
1084,70649,6,32,211771
1085,70650,6,33,211772
1086,70652,7,33,211774
1087,70655,7,32,211777
1088,70729,0,40,212111
1089,70730,0,41,212112
1090,70732,1,41,212114
1091,70735,1,40,212117
1092,70737,0,42,212121
1093,70738,0,43,212122
1094,70740,1,43,212124
1095,70743,1,42,212127
1096,70753,2,42,212141
1097,70754,2,43,212142
1098,70756,3,43,212144
1099,70759,3,42,212147
1100,70777,2,40,212171
1101,70778,2,41,212172
1102,70780,3,41,212174
1103,70783,3,40,212177
1104,70793,0,44,212211
1105,70794,0,45,212212
1106,70796,1,45,212214
1107,70799,1,44,212217
1108,70801,0,46,212221
1109,70802,0,47,212222
1110,70804,1,47,212224
1111,70807,1,46,212227
1112,70817,2,46,212241
1113,70818,2,47,212242
1114,70820,3,47,212244
1115,70823,3,46,212247
1116,70841,2,44,212271
1117,70842,2,45,212272
1118,70844,3,45,212274
1119,70847,3,44,212277
1120,70921,4,44,212411
1121,70922,4,45,212412
1122,70924,5,45,212414
1123,70927,5,44,212417
1124,70929,4,46,212421
1125,70930,4,47,212422
1126,70932,5,47,212424
1127,70935,5,46,212427
1128,70945,6,46,212441
1129,70946,6,47,212442
1130,70948,7,47,212444
1131,70951,7,46,212447
1132,70969,6,44,212471
1133,70970,6,45,212472
1134,70972,7,45,212474
1135,70975,7,44,212477
1136,71113,4,40,212711
1137,71114,4,41,212712
1138,71116,5,41,212714
1139,71119,5,40,212717
1140,71121,4,42,212721
1141,71122,4,43,212722
1142,71124,5,43,212724
1143,71127,5,42,212727
1144,71137,6,42,212741
1145,71138,6,43,212742
1146,71140,7,43,212744
1147,71143,7,42,212747
1148,71161,6,40,212771
1149,71162,6,41,212772
1150,71164,7,41,212774
1151,71167,7,40,212777
1152,71753,8,40,214111
1153,71754,8,41,214112
1154,71756,9,41,214114
1155,71759,9,40,214117
1156,71761,8,42,214121
1157,71762,8,43,214122
1158,71764,9,43,214124
1159,71767,9,42,214127
1160,71777,10,42,214141
1161,71778,10,43,214142
1162,71780,11,43,214144
1163,71783,11,42,214147
1164,71801,10,40,214171
1165,71802,10,41,214172
1166,71804,11,41,214174
1167,71807,11,40,214177
1168,71817,8,44,214211
1169,71818,8,45,214212
1170,71820,9,45,214214
1171,71823,9,44,214217
1172,71825,8,46,214221
1173,71826,8,47,214222
1174,71828,9,47,214224
1175,71831,9,46,214227
1176,71841,10,46,214241
1177,71842,10,47,214242
1178,71844,11,47,214244
1179,71847,11,46,214247
1180,71865,10,44,214271
1181,71866,10,45,214272
1182,71868,11,45,214274
1183,71871,11,44,214277
1184,71945,12,44,214411
1185,71946,12,45,214412
1186,71948,13,45,214414
1187,71951,13,44,214417
1188,71953,12,46,214421
1189,71954,12,47,214422
1190,71956,13,47,214424
1191,71959,13,46,214427
1192,71969,14,46,214441
1193,71970,14,47,214442
1194,71972,15,47,214444
1195,71975,15,46,214447
1196,71993,14,44,214471
1197,71994,14,45,214472
1198,71996,15,45,214474
1199,71999,15,44,214477
1200,72137,12,40,214711
1201,72138,12,41,214712
1202,72140,13,41,214714
1203,72143,13,40,214717
1204,72145,12,42,214721
1205,72146,12,43,214722
1206,72148,13,43,214724
1207,72151,13,42,214727
1208,72161,14,42,214741
1209,72162,14,43,214742
1210,72164,15,43,214744
1211,72167,15,42,214747
1212,72185,14,40,214771
1213,72186,14,41,214772
1214,72188,15,41,214774
1215,72191,15,40,214777
1216,73289,8,32,217111
1217,73290,8,33,217112
1218,73292,9,33,217114
1219,73295,9,32,217117
1220,73297,8,34,217121
1221,73298,8,35,217122
1222,73300,9,35,217124
1223,73303,9,34,217127
1224,73313,10,34,217141
1225,73314,10,35,217142
1226,73316,11,35,217144
1227,73319,11,34,217147
1228,73337,10,32,217171
1229,73338,10,33,217172
1230,73340,11,33,217174
1231,73343,11,32,217177
1232,73353,8,36,217211
1233,73354,8,37,217212
1234,73356,9,37,217214
1235,73359,9,36,217217
1236,73361,8,38,217221
1237,73362,8,39,217222
1238,73364,9,39,217224
1239,73367,9,38,217227
1240,73377,10,38,217241
1241,73378,10,39,217242
1242,73380,11,39,217244
1243,73383,11,38,217247
1244,73401,10,36,217271
1245,73402,10,37,217272
1246,73404,11,37,217274
1247,73407,11,36,217277
1248,73481,12,36,217411
1249,73482,12,37,217412
1250,73484,13,37,217414
1251,73487,13,36,217417
1252,73489,12,38,217421
1253,73490,12,39,217422
1254,73492,13,39,217424
1255,73495,13,38,217427
1256,73505,14,38,217441
1257,73506,14,39,217442
1258,73508,15,39,217444
1259,73511,15,38,217447
1260,73529,14,36,217471
1261,73530,14,37,217472
1262,73532,15,37,217474
1263,73535,15,36,217477
1264,73673,12,32,217711
1265,73674,12,33,217712
1266,73676,13,33,217714
1267,73679,13,32,217717
1268,73681,12,34,217721
1269,73682,12,35,217722
1270,73684,13,35,217724
1271,73687,13,34,217727
1272,73697,14,34,217741
1273,73698,14,35,217742
1274,73700,15,35,217744
1275,73703,15,34,217747
1276,73721,14,32,217771
1277,73722,14,33,217772
1278,73724,15,33,217774
1279,73727,15,32,217777
1280,74313,0,48,221111
1281,74314,0,49,221112
1282,74316,1,49,221114
1283,74319,1,48,221117
1284,74321,0,50,221121
1285,74322,0,51,221122
1286,74324,1,51,221124
1287,74327,1,50,221127
1288,74337,2,50,221141
1289,74338,2,51,221142
1290,74340,3,51,221144
1291,74343,3,50,221147
1292,74361,2,48,221171
1293,74362,2,49,221172
1294,74364,3,49,221174
1295,74367,3,48,221177
1296,74377,0,52,221211
1297,74378,0,53,221212
1298,74380,1,53,221214
1299,74383,1,52,221217
1300,74385,0,54,221221
1301,74386,0,55,221222
1302,74388,1,55,221224
1303,74391,1,54,221227
1304,74401,2,54,221241
1305,74402,2,55,221242
1306,74404,3,55,221244
1307,74407,3,54,221247
1308,74425,2,52,221271
1309,74426,2,53,221272
1310,74428,3,53,221274
1311,74431,3,52,221277
1312,74505,4,52,221411
1313,74506,4,53,221412
1314,74508,5,53,221414
1315,74511,5,52,221417
1316,74513,4,54,221421
1317,74514,4,55,221422
1318,74516,5,55,221424
1319,74519,5,54,221427
1320,74529,6,54,221441
1321,74530,6,55,221442
1322,74532,7,55,221444
1323,74535,7,54,221447
1324,74553,6,52,221471
1325,74554,6,53,221472
1326,74556,7,53,221474
1327,74559,7,52,221477
1328,74697,4,48,221711
1329,74698,4,49,221712
1330,74700,5,49,221714
1331,74703,5,48,221717
1332,74705,4,50,221721
1333,74706,4,51,221722
1334,74708,5,51,221724
1335,74711,5,50,221727
1336,74721,6,50,221741
1337,74722,6,51,221742
1338,74724,7,51,221744
1339,74727,7,50,221747
1340,74745,6,48,221771
1341,74746,6,49,221772
1342,74748,7,49,221774
1343,74751,7,48,221777
1344,74825,0,56,222111
1345,74826,0,57,222112
1346,74828,1,57,222114
1347,74831,1,56,222117
1348,74833,0,58,222121
1349,74834,0,59,222122
1350,74836,1,59,222124
1351,74839,1,58,222127
1352,74849,2,58,222141
1353,74850,2,59,222142
1354,74852,3,59,222144
1355,74855,3,58,222147
1356,74873,2,56,222171
1357,74874,2,57,222172
1358,74876,3,57,222174
1359,74879,3,56,222177
1360,74889,0,60,222211
1361,74890,0,61,222212
1362,74892,1,61,222214
1363,74895,1,60,222217
1364,74897,0,62,222221
1365,74898,0,63,222222
1366,74900,1,63,222224
1367,74903,1,62,222227
1368,74913,2,62,222241
1369,74914,2,63,222242
1370,74916,3,63,222244
1371,74919,3,62,222247
1372,74937,2,60,222271
1373,74938,2,61,222272
1374,74940,3,61,222274
1375,74943,3,60,222277
1376,75017,4,60,222411
1377,75018,4,61,222412
1378,75020,5,61,222414
1379,75023,5,60,222417
1380,75025,4,62,222421
1381,75026,4,63,222422
1382,75028,5,63,222424
1383,75031,5,62,222427
1384,75041,6,62,222441
1385,75042,6,63,222442
1386,75044,7,63,222444
1387,75047,7,62,222447
1388,75065,6,60,222471
1389,75066,6,61,222472
1390,75068,7,61,222474
1391,75071,7,60,222477
1392,75209,4,56,222711
1393,75210,4,57,222712
1394,75212,5,57,222714
1395,75215,5,56,222717
1396,75217,4,58,222721
1397,75218,4,59,222722
1398,75220,5,59,222724
1399,75223,5,58,222727
1400,75233,6,58,222741
1401,75234,6,59,222742
1402,75236,7,59,222744
1403,75239,7,58,222747
1404,75257,6,56,222771
1405,75258,6,57,222772
1406,75260,7,57,222774
1407,75263,7,56,222777
1408,75849,8,56,224111
1409,75850,8,57,224112
1410,75852,9,57,224114
1411,75855,9,56,224117
1412,75857,8,58,224121
1413,75858,8,59,224122
1414,75860,9,59,224124
1415,75863,9,58,224127
1416,75873,10,58,224141
1417,75874,10,59,224142
1418,75876,11,59,224144
1419,75879,11,58,224147
1420,75897,10,56,224171
1421,75898,10,57,224172
1422,75900,11,57,224174
1423,75903,11,56,224177
1424,75913,8,60,224211
1425,75914,8,61,224212
1426,75916,9,61,224214
1427,75919,9,60,224217
1428,75921,8,62,224221
1429,75922,8,63,224222
1430,75924,9,63,224224
1431,75927,9,62,224227
1432,75937,10,62,224241
1433,75938,10,63,224242
1434,75940,11,63,224244
1435,75943,11,62,224247
1436,75961,10,60,224271
1437,75962,10,61,224272
1438,75964,11,61,224274
1439,75967,11,60,224277
1440,76041,12,60,224411
1441,76042,12,61,224412
1442,76044,13,61,224414
1443,76047,13,60,224417
1444,76049,12,62,224421
1445,76050,12,63,224422
1446,76052,13,63,224424
1447,76055,13,62,224427
1448,76065,14,62,224441
1449,76066,14,63,224442
1450,76068,15,63,224444
1451,76071,15,62,224447
1452,76089,14,60,224471
1453,76090,14,61,224472
1454,76092,15,61,224474
1455,76095,15,60,224477
1456,76233,12,56,224711
1457,76234,12,57,224712
1458,76236,13,57,224714
1459,76239,13,56,224717
1460,76241,12,58,224721
1461,76242,12,59,224722
1462,76244,13,59,224724
1463,76247,13,58,224727
1464,76257,14,58,224741
1465,76258,14,59,224742
1466,76260,15,59,224744
1467,76263,15,58,224747
1468,76281,14,56,224771
1469,76282,14,57,224772
1470,76284,15,57,224774
1471,76287,15,56,224777
1472,77385,8,48,227111
1473,77386,8,49,227112
1474,77388,9,49,227114
1475,77391,9,48,227117
1476,77393,8,50,227121
1477,77394,8,51,227122
1478,77396,9,51,227124
1479,77399,9,50,227127
1480,77409,10,50,227141
1481,77410,10,51,227142
1482,77412,11,51,227144
1483,77415,11,50,227147
1484,77433,10,48,227171
1485,77434,10,49,227172
1486,77436,11,49,227174
1487,77439,11,48,227177
1488,77449,8,52,227211
1489,77450,8,53,227212
1490,77452,9,53,227214
1491,77455,9,52,227217
1492,77457,8,54,227221
1493,77458,8,55,227222
1494,77460,9,55,227224
1495,77463,9,54,227227
1496,77473,10,54,227241
1497,77474,10,55,227242
1498,77476,11,55,227244
1499,77479,11,54,227247
1500,77497,10,52,227271
1501,77498,10,53,227272
1502,77500,11,53,227274
1503,77503,11,52,227277
1504,77577,12,52,227411
1505,77578,12,53,227412
1506,77580,13,53,227414
1507,77583,13,52,227417
1508,77585,12,54,227421
1509,77586,12,55,227422
1510,77588,13,55,227424
1511,77591,13,54,227427
1512,77601,14,54,227441
1513,77602,14,55,227442
1514,77604,15,55,227444
1515,77607,15,54,227447
1516,77625,14,52,227471
1517,77626,14,53,227472
1518,77628,15,53,227474
1519,77631,15,52,227477
1520,77769,12,48,227711
1521,77770,12,49,227712
1522,77772,13,49,227714
1523,77775,13,48,227717
1524,77777,12,50,227721
1525,77778,12,51,227722
1526,77780,13,51,227724
1527,77783,13,50,227727
1528,77793,14,50,227741
1529,77794,14,51,227742
1530,77796,15,51,227744
1531,77799,15,50,227747
1532,77817,14,48,227771
1533,77818,14,49,227772
1534,77820,15,49,227774
1535,77823,15,48,227777
1536,82505,16,48,241111
1537,82506,16,49,241112
1538,82508,17,49,241114
1539,82511,17,48,241117
1540,82513,16,50,241121
1541,82514,16,51,241122
1542,82516,17,51,241124
1543,82519,17,50,241127
1544,82529,18,50,241141
1545,82530,18,51,241142
1546,82532,19,51,241144
1547,82535,19,50,241147
1548,82553,18,48,241171
1549,82554,18,49,241172
1550,82556,19,49,241174
1551,82559,19,48,241177
1552,82569,16,52,241211
1553,82570,16,53,241212
1554,82572,17,53,241214
1555,82575,17,52,241217
1556,82577,16,54,241221
1557,82578,16,55,241222
1558,82580,17,55,241224
1559,82583,17,54,241227
1560,82593,18,54,241241
1561,82594,18,55,241242
1562,82596,19,55,241244
1563,82599,19,54,241247
1564,82617,18,52,241271
1565,82618,18,53,241272
1566,82620,19,53,241274
1567,82623,19,52,241277
1568,82697,20,52,241411
1569,82698,20,53,241412
1570,82700,21,53,241414
1571,82703,21,52,241417
1572,82705,20,54,241421
1573,82706,20,55,241422
1574,82708,21,55,241424
1575,82711,21,54,241427
1576,82721,22,54,241441
1577,82722,22,55,241442
1578,82724,23,55,241444
1579,82727,23,54,241447
1580,82745,22,52,241471
1581,82746,22,53,241472
1582,82748,23,53,241474
1583,82751,23,52,241477
1584,82889,20,48,241711
1585,82890,20,49,241712
1586,82892,21,49,241714
1587,82895,21,48,241717
1588,82897,20,50,241721
1589,82898,20,51,241722
1590,82900,21,51,241724
1591,82903,21,50,241727
1592,82913,22,50,241741
1593,82914,22,51,241742
1594,82916,23,51,241744
1595,82919,23,50,241747
1596,82937,22,48,241771
1597,82938,22,49,241772
1598,82940,23,49,241774
1599,82943,23,48,241777
1600,83017,16,56,242111
1601,83018,16,57,242112
1602,83020,17,57,242114
1603,83023,17,56,242117
1604,83025,16,58,242121
1605,83026,16,59,242122
1606,83028,17,59,242124
1607,83031,17,58,242127
1608,83041,18,58,242141
1609,83042,18,59,242142
1610,83044,19,59,242144
1611,83047,19,58,242147
1612,83065,18,56,242171
1613,83066,18,57,242172
1614,83068,19,57,242174
1615,83071,19,56,242177
1616,83081,16,60,242211
1617,83082,16,61,242212
1618,83084,17,61,242214
1619,83087,17,60,242217
1620,83089,16,62,242221
1621,83090,16,63,242222
1622,83092,17,63,242224
1623,83095,17,62,242227
1624,83105,18,62,242241
1625,83106,18,63,242242
1626,83108,19,63,242244
1627,83111,19,62,242247
1628,83129,18,60,242271
1629,83130,18,61,242272
1630,83132,19,61,242274
1631,83135,19,60,242277
1632,83209,20,60,242411
1633,83210,20,61,242412
1634,83212,21,61,242414
1635,83215,21,60,242417
1636,83217,20,62,242421
1637,83218,20,63,242422
1638,83220,21,63,242424
1639,83223,21,62,242427
1640,83233,22,62,242441
1641,83234,22,63,242442
1642,83236,23,63,242444
1643,83239,23,62,242447
1644,83257,22,60,242471
1645,83258,22,61,242472
1646,83260,23,61,242474
1647,83263,23,60,242477
1648,83401,20,56,242711
1649,83402,20,57,242712
1650,83404,21,57,242714
1651,83407,21,56,242717
1652,83409,20,58,242721
1653,83410,20,59,242722
1654,83412,21,59,242724
1655,83415,21,58,242727
1656,83425,22,58,242741
1657,83426,22,59,242742
1658,83428,23,59,242744
1659,83431,23,58,242747
1660,83449,22,56,242771
1661,83450,22,57,242772
1662,83452,23,57,242774
1663,83455,23,56,242777
1664,84041,24,56,244111
1665,84042,24,57,244112
1666,84044,25,57,244114
1667,84047,25,56,244117
1668,84049,24,58,244121
1669,84050,24,59,244122
1670,84052,25,59,244124
1671,84055,25,58,244127
1672,84065,26,58,244141
1673,84066,26,59,244142
1674,84068,27,59,244144
1675,84071,27,58,244147
1676,84089,26,56,244171
1677,84090,26,57,244172
1678,84092,27,57,244174
1679,84095,27,56,244177
1680,84105,24,60,244211
1681,84106,24,61,244212
1682,84108,25,61,244214
1683,84111,25,60,244217
1684,84113,24,62,244221
1685,84114,24,63,244222
1686,84116,25,63,244224
1687,84119,25,62,244227
1688,84129,26,62,244241
1689,84130,26,63,244242
1690,84132,27,63,244244
1691,84135,27,62,244247
1692,84153,26,60,244271
1693,84154,26,61,244272
1694,84156,27,61,244274
1695,84159,27,60,244277
1696,84233,28,60,244411
1697,84234,28,61,244412
1698,84236,29,61,244414
1699,84239,29,60,244417
1700,84241,28,62,244421
1701,84242,28,63,244422
1702,84244,29,63,244424
1703,84247,29,62,244427
1704,84257,30,62,244441
1705,84258,30,63,244442
1706,84260,31,63,244444
1707,84263,31,62,244447
1708,84281,30,60,244471
1709,84282,30,61,244472
1710,84284,31,61,244474
1711,84287,31,60,244477
1712,84425,28,56,244711
1713,84426,28,57,244712
1714,84428,29,57,244714
1715,84431,29,56,244717
1716,84433,28,58,244721
1717,84434,28,59,244722
1718,84436,29,59,244724
1719,84439,29,58,244727
1720,84449,30,58,244741
1721,84450,30,59,244742
1722,84452,31,59,244744
1723,84455,31,58,244747
1724,84473,30,56,244771
1725,84474,30,57,244772
1726,84476,31,57,244774
1727,84479,31,56,244777
1728,85577,24,48,247111
1729,85578,24,49,247112
1730,85580,25,49,247114
1731,85583,25,48,247117
1732,85585,24,50,247121
1733,85586,24,51,247122
1734,85588,25,51,247124
1735,85591,25,50,247127
1736,85601,26,50,247141
1737,85602,26,51,247142
1738,85604,27,51,247144
1739,85607,27,50,247147
1740,85625,26,48,247171
1741,85626,26,49,247172
1742,85628,27,49,247174
1743,85631,27,48,247177
1744,85641,24,52,247211
1745,85642,24,53,247212
1746,85644,25,53,247214
1747,85647,25,52,247217
1748,85649,24,54,247221
1749,85650,24,55,247222
1750,85652,25,55,247224
1751,85655,25,54,247227
1752,85665,26,54,247241
1753,85666,26,55,247242
1754,85668,27,55,247244
1755,85671,27,54,247247
1756,85689,26,52,247271
1757,85690,26,53,247272
1758,85692,27,53,247274
1759,85695,27,52,247277
1760,85769,28,52,247411
1761,85770,28,53,247412
1762,85772,29,53,247414
1763,85775,29,52,247417
1764,85777,28,54,247421
1765,85778,28,55,247422
1766,85780,29,55,247424
1767,85783,29,54,247427
1768,85793,30,54,247441
1769,85794,30,55,247442
1770,85796,31,55,247444
1771,85799,31,54,247447
1772,85817,30,52,247471
1773,85818,30,53,247472
1774,85820,31,53,247474
1775,85823,31,52,247477
1776,85961,28,48,247711
1777,85962,28,49,247712
1778,85964,29,49,247714
1779,85967,29,48,247717
1780,85969,28,50,247721
1781,85970,28,51,247722
1782,85972,29,51,247724
1783,85975,29,50,247727
1784,85985,30,50,247741
1785,85986,30,51,247742
1786,85988,31,51,247744
1787,85991,31,50,247747
1788,86009,30,48,247771
1789,86010,30,49,247772
1790,86012,31,49,247774
1791,86015,31,48,247777
1792,94793,16,32,271111
1793,94794,16,33,271112
1794,94796,17,33,271114
1795,94799,17,32,271117
1796,94801,16,34,271121
1797,94802,16,35,271122
1798,94804,17,35,271124
1799,94807,17,34,271127
1800,94817,18,34,271141
1801,94818,18,35,271142
1802,94820,19,35,271144
1803,94823,19,34,271147
1804,94841,18,32,271171
1805,94842,18,33,271172
1806,94844,19,33,271174
1807,94847,19,32,271177
1808,94857,16,36,271211
1809,94858,16,37,271212
1810,94860,17,37,271214
1811,94863,17,36,271217
1812,94865,16,38,271221
1813,94866,16,39,271222
1814,94868,17,39,271224
1815,94871,17,38,271227
1816,94881,18,38,271241
1817,94882,18,39,271242
1818,94884,19,39,271244
1819,94887,19,38,271247
1820,94905,18,36,271271
1821,94906,18,37,271272
1822,94908,19,37,271274
1823,94911,19,36,271277
1824,94985,20,36,271411
1825,94986,20,37,271412
1826,94988,21,37,271414
1827,94991,21,36,271417
1828,94993,20,38,271421
1829,94994,20,39,271422
1830,94996,21,39,271424
1831,94999,21,38,271427
1832,95009,22,38,271441
1833,95010,22,39,271442
1834,95012,23,39,271444
1835,95015,23,38,271447
1836,95033,22,36,271471
1837,95034,22,37,271472
1838,95036,23,37,271474
1839,95039,23,36,271477
1840,95177,20,32,271711
1841,95178,20,33,271712
1842,95180,21,33,271714
1843,95183,21,32,271717
1844,95185,20,34,271721
1845,95186,20,35,271722
1846,95188,21,35,271724
1847,95191,21,34,271727
1848,95201,22,34,271741
1849,95202,22,35,271742
1850,95204,23,35,271744
1851,95207,23,34,271747
1852,95225,22,32,271771
1853,95226,22,33,271772
1854,95228,23,33,271774
1855,95231,23,32,271777
1856,95305,16,40,272111
1857,95306,16,41,272112
1858,95308,17,41,272114
1859,95311,17,40,272117
1860,95313,16,42,272121
1861,95314,16,43,272122
1862,95316,17,43,272124
1863,95319,17,42,272127
1864,95329,18,42,272141
1865,95330,18,43,272142
1866,95332,19,43,272144
1867,95335,19,42,272147
1868,95353,18,40,272171
1869,95354,18,41,272172
1870,95356,19,41,272174
1871,95359,19,40,272177
1872,95369,16,44,272211
1873,95370,16,45,272212
1874,95372,17,45,272214
1875,95375,17,44,272217
1876,95377,16,46,272221
1877,95378,16,47,272222
1878,95380,17,47,272224
1879,95383,17,46,272227
1880,95393,18,46,272241
1881,95394,18,47,272242
1882,95396,19,47,272244
1883,95399,19,46,272247
1884,95417,18,44,272271
1885,95418,18,45,272272
1886,95420,19,45,272274
1887,95423,19,44,272277
1888,95497,20,44,272411
1889,95498,20,45,272412
1890,95500,21,45,272414
1891,95503,21,44,272417
1892,95505,20,46,272421
1893,95506,20,47,272422
1894,95508,21,47,272424
1895,95511,21,46,272427
1896,95521,22,46,272441
1897,95522,22,47,272442
1898,95524,23,47,272444
1899,95527,23,46,272447
1900,95545,22,44,272471
1901,95546,22,45,272472
1902,95548,23,45,272474
1903,95551,23,44,272477
1904,95689,20,40,272711
1905,95690,20,41,272712
1906,95692,21,41,272714
1907,95695,21,40,272717
1908,95697,20,42,272721
1909,95698,20,43,272722
1910,95700,21,43,272724
1911,95703,21,42,272727
1912,95713,22,42,272741
1913,95714,22,43,272742
1914,95716,23,43,272744
1915,95719,23,42,272747
1916,95737,22,40,272771
1917,95738,22,41,272772
1918,95740,23,41,272774
1919,95743,23,40,272777
1920,96329,24,40,274111
1921,96330,24,41,274112
1922,96332,25,41,274114
1923,96335,25,40,274117
1924,96337,24,42,274121
1925,96338,24,43,274122
1926,96340,25,43,274124
1927,96343,25,42,274127
1928,96353,26,42,274141
1929,96354,26,43,274142
1930,96356,27,43,274144
1931,96359,27,42,274147
1932,96377,26,40,274171
1933,96378,26,41,274172
1934,96380,27,41,274174
1935,96383,27,40,274177
1936,96393,24,44,274211
1937,96394,24,45,274212
1938,96396,25,45,274214
1939,96399,25,44,274217
1940,96401,24,46,274221
1941,96402,24,47,274222
1942,96404,25,47,274224
1943,96407,25,46,274227
1944,96417,26,46,274241
1945,96418,26,47,274242
1946,96420,27,47,274244
1947,96423,27,46,274247
1948,96441,26,44,274271
1949,96442,26,45,274272
1950,96444,27,45,274274
1951,96447,27,44,274277
1952,96521,28,44,274411
1953,96522,28,45,274412
1954,96524,29,45,274414
1955,96527,29,44,274417
1956,96529,28,46,274421
1957,96530,28,47,274422
1958,96532,29,47,274424
1959,96535,29,46,274427
1960,96545,30,46,274441
1961,96546,30,47,274442
1962,96548,31,47,274444
1963,96551,31,46,274447
1964,96569,30,44,274471
1965,96570,30,45,274472
1966,96572,31,45,274474
1967,96575,31,44,274477
1968,96713,28,40,274711
1969,96714,28,41,274712
1970,96716,29,41,274714
1971,96719,29,40,274717
1972,96721,28,42,274721
1973,96722,28,43,274722
1974,96724,29,43,274724
1975,96727,29,42,274727
1976,96737,30,42,274741
1977,96738,30,43,274742
1978,96740,31,43,274744
1979,96743,31,42,274747
1980,96761,30,40,274771
1981,96762,30,41,274772
1982,96764,31,41,274774
1983,96767,31,40,274777
1984,97865,24,32,277111
1985,97866,24,33,277112
1986,97868,25,33,277114
1987,97871,25,32,277117
1988,97873,24,34,277121
1989,97874,24,35,277122
1990,97876,25,35,277124
1991,97879,25,34,277127
1992,97889,26,34,277141
1993,97890,26,35,277142
1994,97892,27,35,277144
1995,97895,27,34,277147
1996,97913,26,32,277171
1997,97914,26,33,277172
1998,97916,27,33,277174
1999,97919,27,32,277177
2000,97929,24,36,277211
2001,97930,24,37,277212
2002,97932,25,37,277214
2003,97935,25,36,277217
2004,97937,24,38,277221
2005,97938,24,39,277222
2006,97940,25,39,277224
2007,97943,25,38,277227
2008,97953,26,38,277241
2009,97954,26,39,277242
2010,97956,27,39,277244
2011,97959,27,38,277247
2012,97977,26,36,277271
2013,97978,26,37,277272
2014,97980,27,37,277274
2015,97983,27,36,277277
2016,98057,28,36,277411
2017,98058,28,37,277412
2018,98060,29,37,277414
2019,98063,29,36,277417
2020,98065,28,38,277421
2021,98066,28,39,277422
2022,98068,29,39,277424
2023,98071,29,38,277427
2024,98081,30,38,277441
2025,98082,30,39,277442
2026,98084,31,39,277444
2027,98087,31,38,277447
2028,98105,30,36,277471
2029,98106,30,37,277472
2030,98108,31,37,277474
2031,98111,31,36,277477
2032,98249,28,32,277711
2033,98250,28,33,277712
2034,98252,29,33,277714
2035,98255,29,32,277717
2036,98257,28,34,277721
2037,98258,28,35,277722
2038,98260,29,35,277724
2039,98263,29,34,277727
2040,98273,30,34,277741
2041,98274,30,35,277742
2042,98276,31,35,277744
2043,98279,31,34,277747
2044,98297,30,32,277771
2045,98298,30,33,277772
2046,98300,31,33,277774
2047,98303,31,32,277777
2048,135753,32,32,411111
2049,135754,32,33,411112
2050,135756,33,33,411114
2051,135759,33,32,411117
2052,135761,32,34,411121
2053,135762,32,35,411122
2054,135764,33,35,411124
2055,135767,33,34,411127
2056,135777,34,34,411141
2057,135778,34,35,411142
2058,135780,35,35,411144
2059,135783,35,34,411147
2060,135801,34,32,411171
2061,135802,34,33,411172
2062,135804,35,33,411174
2063,135807,35,32,411177
2064,135817,32,36,411211
2065,135818,32,37,411212
2066,135820,33,37,411214
2067,135823,33,36,411217
2068,135825,32,38,411221
2069,135826,32,39,411222
2070,135828,33,39,411224
2071,135831,33,38,411227
2072,135841,34,38,411241
2073,135842,34,39,411242
2074,135844,35,39,411244
2075,135847,35,38,411247
2076,135865,34,36,411271
2077,135866,34,37,411272
2078,135868,35,37,411274
2079,135871,35,36,411277
2080,135945,36,36,411411
2081,135946,36,37,411412
2082,135948,37,37,411414
2083,135951,37,36,411417
2084,135953,36,38,411421
2085,135954,36,39,411422
2086,135956,37,39,411424
2087,135959,37,38,411427
2088,135969,38,38,411441
2089,135970,38,39,411442
2090,135972,39,39,411444
2091,135975,39,38,411447
2092,135993,38,36,411471
2093,135994,38,37,411472
2094,135996,39,37,411474
2095,135999,39,36,411477
2096,136137,36,32,411711
2097,136138,36,33,411712
2098,136140,37,33,411714
2099,136143,37,32,411717
2100,136145,36,34,411721
2101,136146,36,35,411722
2102,136148,37,35,411724
2103,136151,37,34,411727
2104,136161,38,34,411741
2105,136162,38,35,411742
2106,136164,39,35,411744
2107,136167,39,34,411747
2108,136185,38,32,411771
2109,136186,38,33,411772
2110,136188,39,33,411774
2111,136191,39,32,411777
2112,136265,32,40,412111
2113,136266,32,41,412112
2114,136268,33,41,412114
2115,136271,33,40,412117
2116,136273,32,42,412121
2117,136274,32,43,412122
2118,136276,33,43,412124
2119,136279,33,42,412127
2120,136289,34,42,412141
2121,136290,34,43,412142
2122,136292,35,43,412144
2123,136295,35,42,412147
2124,136313,34,40,412171
2125,136314,34,41,412172
2126,136316,35,41,412174
2127,136319,35,40,412177
2128,136329,32,44,412211
2129,136330,32,45,412212
2130,136332,33,45,412214
2131,136335,33,44,412217
2132,136337,32,46,412221
2133,136338,32,47,412222
2134,136340,33,47,412224
2135,136343,33,46,412227
2136,136353,34,46,412241
2137,136354,34,47,412242
2138,136356,35,47,412244
2139,136359,35,46,412247
2140,136377,34,44,412271
2141,136378,34,45,412272
2142,136380,35,45,412274
2143,136383,35,44,412277
2144,136457,36,44,412411
2145,136458,36,45,412412
2146,136460,37,45,412414
2147,136463,37,44,412417
2148,136465,36,46,412421
2149,136466,36,47,412422
2150,136468,37,47,412424
2151,136471,37,46,412427
2152,136481,38,46,412441
2153,136482,38,47,412442
2154,136484,39,47,412444
2155,136487,39,46,412447
2156,136505,38,44,412471
2157,136506,38,45,412472
2158,136508,39,45,412474
2159,136511,39,44,412477
2160,136649,36,40,412711
2161,136650,36,41,412712
2162,136652,37,41,412714
2163,136655,37,40,412717
2164,136657,36,42,412721
2165,136658,36,43,412722
2166,136660,37,43,412724
2167,136663,37,42,412727
2168,136673,38,42,412741
2169,136674,38,43,412742
2170,136676,39,43,412744
2171,136679,39,42,412747
2172,136697,38,40,412771
2173,136698,38,41,412772
2174,136700,39,41,412774
2175,136703,39,40,412777
2176,137289,40,40,414111
2177,137290,40,41,414112
2178,137292,41,41,414114
2179,137295,41,40,414117
2180,137297,40,42,414121
2181,137298,40,43,414122
2182,137300,41,43,414124
2183,137303,41,42,414127
2184,137313,42,42,414141
2185,137314,42,43,414142
2186,137316,43,43,414144
2187,137319,43,42,414147
2188,137337,42,40,414171
2189,137338,42,41,414172
2190,137340,43,41,414174
2191,137343,43,40,414177
2192,137353,40,44,414211
2193,137354,40,45,414212
2194,137356,41,45,414214
2195,137359,41,44,414217
2196,137361,40,46,414221
2197,137362,40,47,414222
2198,137364,41,47,414224
2199,137367,41,46,414227
2200,137377,42,46,414241
2201,137378,42,47,414242
2202,137380,43,47,414244
2203,137383,43,46,414247
2204,137401,42,44,414271
2205,137402,42,45,414272
2206,137404,43,45,414274
2207,137407,43,44,414277
2208,137481,44,44,414411
2209,137482,44,45,414412
2210,137484,45,45,414414
2211,137487,45,44,414417
2212,137489,44,46,414421
2213,137490,44,47,414422
2214,137492,45,47,414424
2215,137495,45,46,414427
2216,137505,46,46,414441
2217,137506,46,47,414442
2218,137508,47,47,414444
2219,137511,47,46,414447
2220,137529,46,44,414471
2221,137530,46,45,414472
2222,137532,47,45,414474
2223,137535,47,44,414477
2224,137673,44,40,414711
2225,137674,44,41,414712
2226,137676,45,41,414714
2227,137679,45,40,414717
2228,137681,44,42,414721
2229,137682,44,43,414722
2230,137684,45,43,414724
2231,137687,45,42,414727
2232,137697,46,42,414741
2233,137698,46,43,414742
2234,137700,47,43,414744
2235,137703,47,42,414747
2236,137721,46,40,414771
2237,137722,46,41,414772
2238,137724,47,41,414774
2239,137727,47,40,414777
2240,138825,40,32,417111
2241,138826,40,33,417112
2242,138828,41,33,417114
2243,138831,41,32,417117
2244,138833,40,34,417121
2245,138834,40,35,417122
2246,138836,41,35,417124
2247,138839,41,34,417127
2248,138849,42,34,417141
2249,138850,42,35,417142
2250,138852,43,35,417144
2251,138855,43,34,417147
2252,138873,42,32,417171
2253,138874,42,33,417172
2254,138876,43,33,417174
2255,138879,43,32,417177
2256,138889,40,36,417211
2257,138890,40,37,417212
2258,138892,41,37,417214
2259,138895,41,36,417217
2260,138897,40,38,417221
2261,138898,40,39,417222
2262,138900,41,39,417224
2263,138903,41,38,417227
2264,138913,42,38,417241
2265,138914,42,39,417242
2266,138916,43,39,417244
2267,138919,43,38,417247
2268,138937,42,36,417271
2269,138938,42,37,417272
2270,138940,43,37,417274
2271,138943,43,36,417277
2272,139017,44,36,417411
2273,139018,44,37,417412
2274,139020,45,37,417414
2275,139023,45,36,417417
2276,139025,44,38,417421
2277,139026,44,39,417422
2278,139028,45,39,417424
2279,139031,45,38,417427
2280,139041,46,38,417441
2281,139042,46,39,417442
2282,139044,47,39,417444
2283,139047,47,38,417447
2284,139065,46,36,417471
2285,139066,46,37,417472
2286,139068,47,37,417474
2287,139071,47,36,417477
2288,139209,44,32,417711
2289,139210,44,33,417712
2290,139212,45,33,417714
2291,139215,45,32,417717
2292,139217,44,34,417721
2293,139218,44,35,417722
2294,139220,45,35,417724
2295,139223,45,34,417727
2296,139233,46,34,417741
2297,139234,46,35,417742
2298,139236,47,35,417744
2299,139239,47,34,417747
2300,139257,46,32,417771
2301,139258,46,33,417772
2302,139260,47,33,417774
2303,139263,47,32,417777
2304,139849,32,48,421111
2305,139850,32,49,421112
2306,139852,33,49,421114
2307,139855,33,48,421117
2308,139857,32,50,421121
2309,139858,32,51,421122
2310,139860,33,51,421124
2311,139863,33,50,421127
2312,139873,34,50,421141
2313,139874,34,51,421142
2314,139876,35,51,421144
2315,139879,35,50,421147
2316,139897,34,48,421171
2317,139898,34,49,421172
2318,139900,35,49,421174
2319,139903,35,48,421177
2320,139913,32,52,421211
2321,139914,32,53,421212
2322,139916,33,53,421214
2323,139919,33,52,421217
2324,139921,32,54,421221
2325,139922,32,55,421222
2326,139924,33,55,421224
2327,139927,33,54,421227
2328,139937,34,54,421241
2329,139938,34,55,421242
2330,139940,35,55,421244
2331,139943,35,54,421247
2332,139961,34,52,421271
2333,139962,34,53,421272
2334,139964,35,53,421274
2335,139967,35,52,421277
2336,140041,36,52,421411
2337,140042,36,53,421412
2338,140044,37,53,421414
2339,140047,37,52,421417
2340,140049,36,54,421421
2341,140050,36,55,421422
2342,140052,37,55,421424
2343,140055,37,54,421427
2344,140065,38,54,421441
2345,140066,38,55,421442
2346,140068,39,55,421444
2347,140071,39,54,421447
2348,140089,38,52,421471
2349,140090,38,53,421472
2350,140092,39,53,421474
2351,140095,39,52,421477
2352,140233,36,48,421711
2353,140234,36,49,421712
2354,140236,37,49,421714
2355,140239,37,48,421717
2356,140241,36,50,421721
2357,140242,36,51,421722
2358,140244,37,51,421724
2359,140247,37,50,421727
2360,140257,38,50,421741
2361,140258,38,51,421742
2362,140260,39,51,421744
2363,140263,39,50,421747
2364,140281,38,48,421771
2365,140282,38,49,421772
2366,140284,39,49,421774
2367,140287,39,48,421777
2368,140361,32,56,422111
2369,140362,32,57,422112
2370,140364,33,57,422114
2371,140367,33,56,422117
2372,140369,32,58,422121
2373,140370,32,59,422122
2374,140372,33,59,422124
2375,140375,33,58,422127
2376,140385,34,58,422141
2377,140386,34,59,422142
2378,140388,35,59,422144
2379,140391,35,58,422147
2380,140409,34,56,422171
2381,140410,34,57,422172
2382,140412,35,57,422174
2383,140415,35,56,422177
2384,140425,32,60,422211
2385,140426,32,61,422212
2386,140428,33,61,422214
2387,140431,33,60,422217
2388,140433,32,62,422221
2389,140434,32,63,422222
2390,140436,33,63,422224
2391,140439,33,62,422227
2392,140449,34,62,422241
2393,140450,34,63,422242
2394,140452,35,63,422244
2395,140455,35,62,422247
2396,140473,34,60,422271
2397,140474,34,61,422272
2398,140476,35,61,422274
2399,140479,35,60,422277
2400,140553,36,60,422411
2401,140554,36,61,422412
2402,140556,37,61,422414
2403,140559,37,60,422417
2404,140561,36,62,422421
2405,140562,36,63,422422
2406,140564,37,63,422424
2407,140567,37,62,422427
2408,140577,38,62,422441
2409,140578,38,63,422442
2410,140580,39,63,422444
2411,140583,39,62,422447
2412,140601,38,60,422471
2413,140602,38,61,422472
2414,140604,39,61,422474
2415,140607,39,60,422477
2416,140745,36,56,422711
2417,140746,36,57,422712
2418,140748,37,57,422714
2419,140751,37,56,422717
2420,140753,36,58,422721
2421,140754,36,59,422722
2422,140756,37,59,422724
2423,140759,37,58,422727
2424,140769,38,58,422741
2425,140770,38,59,422742
2426,140772,39,59,422744
2427,140775,39,58,422747
2428,140793,38,56,422771
2429,140794,38,57,422772
2430,140796,39,57,422774
2431,140799,39,56,422777
2432,141385,40,56,424111
2433,141386,40,57,424112
2434,141388,41,57,424114
2435,141391,41,56,424117
2436,141393,40,58,424121
2437,141394,40,59,424122
2438,141396,41,59,424124
2439,141399,41,58,424127
2440,141409,42,58,424141
2441,141410,42,59,424142
2442,141412,43,59,424144
2443,141415,43,58,424147
2444,141433,42,56,424171
2445,141434,42,57,424172
2446,141436,43,57,424174
2447,141439,43,56,424177
2448,141449,40,60,424211
2449,141450,40,61,424212
2450,141452,41,61,424214
2451,141455,41,60,424217
2452,141457,40,62,424221
2453,141458,40,63,424222
2454,141460,41,63,424224
2455,141463,41,62,424227
2456,141473,42,62,424241
2457,141474,42,63,424242
2458,141476,43,63,424244
2459,141479,43,62,424247
2460,141497,42,60,424271
2461,141498,42,61,424272
2462,141500,43,61,424274
2463,141503,43,60,424277
2464,141577,44,60,424411
2465,141578,44,61,424412
2466,141580,45,61,424414
2467,141583,45,60,424417
2468,141585,44,62,424421
2469,141586,44,63,424422
2470,141588,45,63,424424
2471,141591,45,62,424427
2472,141601,46,62,424441
2473,141602,46,63,424442
2474,141604,47,63,424444
2475,141607,47,62,424447
2476,141625,46,60,424471
2477,141626,46,61,424472
2478,141628,47,61,424474
2479,141631,47,60,424477
2480,141769,44,56,424711
2481,141770,44,57,424712
2482,141772,45,57,424714
2483,141775,45,56,424717
2484,141777,44,58,424721
2485,141778,44,59,424722
2486,141780,45,59,424724
2487,141783,45,58,424727
2488,141793,46,58,424741
2489,141794,46,59,424742
2490,141796,47,59,424744
2491,141799,47,58,424747
2492,141817,46,56,424771
2493,141818,46,57,424772
2494,141820,47,57,424774
2495,141823,47,56,424777
2496,142921,40,48,427111
2497,142922,40,49,427112
2498,142924,41,49,427114
2499,142927,41,48,427117
2500,142929,40,50,427121
2501,142930,40,51,427122
2502,142932,41,51,427124
2503,142935,41,50,427127
2504,142945,42,50,427141
2505,142946,42,51,427142
2506,142948,43,51,427144
2507,142951,43,50,427147
2508,142969,42,48,427171
2509,142970,42,49,427172
2510,142972,43,49,427174
2511,142975,43,48,427177
2512,142985,40,52,427211
2513,142986,40,53,427212
2514,142988,41,53,427214
2515,142991,41,52,427217
2516,142993,40,54,427221
2517,142994,40,55,427222
2518,142996,41,55,427224
2519,142999,41,54,427227
2520,143009,42,54,427241
2521,143010,42,55,427242
2522,143012,43,55,427244
2523,143015,43,54,427247
2524,143033,42,52,427271
2525,143034,42,53,427272
2526,143036,43,53,427274
2527,143039,43,52,427277
2528,143113,44,52,427411
2529,143114,44,53,427412
2530,143116,45,53,427414
2531,143119,45,52,427417
2532,143121,44,54,427421
2533,143122,44,55,427422
2534,143124,45,55,427424
2535,143127,45,54,427427
2536,143137,46,54,427441
2537,143138,46,55,427442
2538,143140,47,55,427444
2539,143143,47,54,427447
2540,143161,46,52,427471
2541,143162,46,53,427472
2542,143164,47,53,427474
2543,143167,47,52,427477
2544,143305,44,48,427711
2545,143306,44,49,427712
2546,143308,45,49,427714
2547,143311,45,48,427717
2548,143313,44,50,427721
2549,143314,44,51,427722
2550,143316,45,51,427724
2551,143319,45,50,427727
2552,143329,46,50,427741
2553,143330,46,51,427742
2554,143332,47,51,427744
2555,143335,47,50,427747
2556,143353,46,48,427771
2557,143354,46,49,427772
2558,143356,47,49,427774
2559,143359,47,48,427777
2560,148041,48,48,441111
2561,148042,48,49,441112
2562,148044,49,49,441114
2563,148047,49,48,441117
2564,148049,48,50,441121
2565,148050,48,51,441122
2566,148052,49,51,441124
2567,148055,49,50,441127
2568,148065,50,50,441141
2569,148066,50,51,441142
2570,148068,51,51,441144
2571,148071,51,50,441147
2572,148089,50,48,441171
2573,148090,50,49,441172
2574,148092,51,49,441174
2575,148095,51,48,441177
2576,148105,48,52,441211
2577,148106,48,53,441212
2578,148108,49,53,441214
2579,148111,49,52,441217
2580,148113,48,54,441221
2581,148114,48,55,441222
2582,148116,49,55,441224
2583,148119,49,54,441227
2584,148129,50,54,441241
2585,148130,50,55,441242
2586,148132,51,55,441244
2587,148135,51,54,441247
2588,148153,50,52,441271
2589,148154,50,53,441272
2590,148156,51,53,441274
2591,148159,51,52,441277
2592,148233,52,52,441411
2593,148234,52,53,441412
2594,148236,53,53,441414
2595,148239,53,52,441417
2596,148241,52,54,441421
2597,148242,52,55,441422
2598,148244,53,55,441424
2599,148247,53,54,441427
2600,148257,54,54,441441
2601,148258,54,55,441442
2602,148260,55,55,441444
2603,148263,55,54,441447
2604,148281,54,52,441471
2605,148282,54,53,441472
2606,148284,55,53,441474
2607,148287,55,52,441477
2608,148425,52,48,441711
2609,148426,52,49,441712
2610,148428,53,49,441714
2611,148431,53,48,441717
2612,148433,52,50,441721
2613,148434,52,51,441722
2614,148436,53,51,441724
2615,148439,53,50,441727
2616,148449,54,50,441741
2617,148450,54,51,441742
2618,148452,55,51,441744
2619,148455,55,50,441747
2620,148473,54,48,441771
2621,148474,54,49,441772
2622,148476,55,49,441774
2623,148479,55,48,441777
2624,148553,48,56,442111
2625,148554,48,57,442112
2626,148556,49,57,442114
2627,148559,49,56,442117
2628,148561,48,58,442121
2629,148562,48,59,442122
2630,148564,49,59,442124
2631,148567,49,58,442127
2632,148577,50,58,442141
2633,148578,50,59,442142
2634,148580,51,59,442144
2635,148583,51,58,442147
2636,148601,50,56,442171
2637,148602,50,57,442172
2638,148604,51,57,442174
2639,148607,51,56,442177
2640,148617,48,60,442211
2641,148618,48,61,442212
2642,148620,49,61,442214
2643,148623,49,60,442217
2644,148625,48,62,442221
2645,148626,48,63,442222
2646,148628,49,63,442224
2647,148631,49,62,442227
2648,148641,50,62,442241
2649,148642,50,63,442242
2650,148644,51,63,442244
2651,148647,51,62,442247
2652,148665,50,60,442271
2653,148666,50,61,442272
2654,148668,51,61,442274
2655,148671,51,60,442277
2656,148745,52,60,442411
2657,148746,52,61,442412
2658,148748,53,61,442414
2659,148751,53,60,442417
2660,148753,52,62,442421
2661,148754,52,63,442422
2662,148756,53,63,442424
2663,148759,53,62,442427
2664,148769,54,62,442441
2665,148770,54,63,442442
2666,148772,55,63,442444
2667,148775,55,62,442447
2668,148793,54,60,442471
2669,148794,54,61,442472
2670,148796,55,61,442474
2671,148799,55,60,442477
2672,148937,52,56,442711
2673,148938,52,57,442712
2674,148940,53,57,442714
2675,148943,53,56,442717
2676,148945,52,58,442721
2677,148946,52,59,442722
2678,148948,53,59,442724
2679,148951,53,58,442727
2680,148961,54,58,442741
2681,148962,54,59,442742
2682,148964,55,59,442744
2683,148967,55,58,442747
2684,148985,54,56,442771
2685,148986,54,57,442772
2686,148988,55,57,442774
2687,148991,55,56,442777
2688,149577,56,56,444111
2689,149578,56,57,444112
2690,149580,57,57,444114
2691,149583,57,56,444117
2692,149585,56,58,444121
2693,149586,56,59,444122
2694,149588,57,59,444124
2695,149591,57,58,444127
2696,149601,58,58,444141
2697,149602,58,59,444142
2698,149604,59,59,444144
2699,149607,59,58,444147
2700,149625,58,56,444171
2701,149626,58,57,444172
2702,149628,59,57,444174
2703,149631,59,56,444177
2704,149641,56,60,444211
2705,149642,56,61,444212
2706,149644,57,61,444214
2707,149647,57,60,444217
2708,149649,56,62,444221
2709,149650,56,63,444222
2710,149652,57,63,444224
2711,149655,57,62,444227
2712,149665,58,62,444241
2713,149666,58,63,444242
2714,149668,59,63,444244
2715,149671,59,62,444247
2716,149689,58,60,444271
2717,149690,58,61,444272
2718,149692,59,61,444274
2719,149695,59,60,444277
2720,149769,60,60,444411
2721,149770,60,61,444412
2722,149772,61,61,444414
2723,149775,61,60,444417
2724,149777,60,62,444421
2725,149778,60,63,444422
2726,149780,61,63,444424
2727,149783,61,62,444427
2728,149793,62,62,444441
2729,149794,62,63,444442
2730,149796,63,63,444444
2731,149799,63,62,444447
2732,149817,62,60,444471
2733,149818,62,61,444472
2734,149820,63,61,444474
2735,149823,63,60,444477
2736,149961,60,56,444711
2737,149962,60,57,444712
2738,149964,61,57,444714
2739,149967,61,56,444717
2740,149969,60,58,444721
2741,149970,60,59,444722
2742,149972,61,59,444724
2743,149975,61,58,444727
2744,149985,62,58,444741
2745,149986,62,59,444742
2746,149988,63,59,444744
2747,149991,63,58,444747
2748,150009,62,56,444771
2749,150010,62,57,444772
2750,150012,63,57,444774
2751,150015,63,56,444777
2752,151113,56,48,447111
2753,151114,56,49,447112
2754,151116,57,49,447114
2755,151119,57,48,447117
2756,151121,56,50,447121
2757,151122,56,51,447122
2758,151124,57,51,447124
2759,151127,57,50,447127
2760,151137,58,50,447141
2761,151138,58,51,447142
2762,151140,59,51,447144
2763,151143,59,50,447147
2764,151161,58,48,447171
2765,151162,58,49,447172
2766,151164,59,49,447174
2767,151167,59,48,447177
2768,151177,56,52,447211
2769,151178,56,53,447212
2770,151180,57,53,447214
2771,151183,57,52,447217
2772,151185,56,54,447221
2773,151186,56,55,447222
2774,151188,57,55,447224
2775,151191,57,54,447227
2776,151201,58,54,447241
2777,151202,58,55,447242
2778,151204,59,55,447244
2779,151207,59,54,447247
2780,151225,58,52,447271
2781,151226,58,53,447272
2782,151228,59,53,447274
2783,151231,59,52,447277
2784,151305,60,52,447411
2785,151306,60,53,447412
2786,151308,61,53,447414
2787,151311,61,52,447417
2788,151313,60,54,447421
2789,151314,60,55,447422
2790,151316,61,55,447424
2791,151319,61,54,447427
2792,151329,62,54,447441
2793,151330,62,55,447442
2794,151332,63,55,447444
2795,151335,63,54,447447
2796,151353,62,52,447471
2797,151354,62,53,447472
2798,151356,63,53,447474
2799,151359,63,52,447477
2800,151497,60,48,447711
2801,151498,60,49,447712
2802,151500,61,49,447714
2803,151503,61,48,447717
2804,151505,60,50,447721
2805,151506,60,51,447722
2806,151508,61,51,447724
2807,151511,61,50,447727
2808,151521,62,50,447741
2809,151522,62,51,447742
2810,151524,63,51,447744
2811,151527,63,50,447747
2812,151545,62,48,447771
2813,151546,62,49,447772
2814,151548,63,49,447774
2815,151551,63,48,447777
2816,160329,48,32,471111
2817,160330,48,33,471112
2818,160332,49,33,471114
2819,160335,49,32,471117
2820,160337,48,34,471121
2821,160338,48,35,471122
2822,160340,49,35,471124
2823,160343,49,34,471127
2824,160353,50,34,471141
2825,160354,50,35,471142
2826,160356,51,35,471144
2827,160359,51,34,471147
2828,160377,50,32,471171
2829,160378,50,33,471172
2830,160380,51,33,471174
2831,160383,51,32,471177
2832,160393,48,36,471211
2833,160394,48,37,471212
2834,160396,49,37,471214
2835,160399,49,36,471217
2836,160401,48,38,471221
2837,160402,48,39,471222
2838,160404,49,39,471224
2839,160407,49,38,471227
2840,160417,50,38,471241
2841,160418,50,39,471242
2842,160420,51,39,471244
2843,160423,51,38,471247
2844,160441,50,36,471271
2845,160442,50,37,471272
2846,160444,51,37,471274
2847,160447,51,36,471277
2848,160521,52,36,471411
2849,160522,52,37,471412
2850,160524,53,37,471414
2851,160527,53,36,471417
2852,160529,52,38,471421
2853,160530,52,39,471422
2854,160532,53,39,471424
2855,160535,53,38,471427
2856,160545,54,38,471441
2857,160546,54,39,471442
2858,160548,55,39,471444
2859,160551,55,38,471447
2860,160569,54,36,471471
2861,160570,54,37,471472
2862,160572,55,37,471474
2863,160575,55,36,471477
2864,160713,52,32,471711
2865,160714,52,33,471712
2866,160716,53,33,471714
2867,160719,53,32,471717
2868,160721,52,34,471721
2869,160722,52,35,471722
2870,160724,53,35,471724
2871,160727,53,34,471727
2872,160737,54,34,471741
2873,160738,54,35,471742
2874,160740,55,35,471744
2875,160743,55,34,471747
2876,160761,54,32,471771
2877,160762,54,33,471772
2878,160764,55,33,471774
2879,160767,55,32,471777
2880,160841,48,40,472111
2881,160842,48,41,472112
2882,160844,49,41,472114
2883,160847,49,40,472117
2884,160849,48,42,472121
2885,160850,48,43,472122
2886,160852,49,43,472124
2887,160855,49,42,472127
2888,160865,50,42,472141
2889,160866,50,43,472142
2890,160868,51,43,472144
2891,160871,51,42,472147
2892,160889,50,40,472171
2893,160890,50,41,472172
2894,160892,51,41,472174
2895,160895,51,40,472177
2896,160905,48,44,472211
2897,160906,48,45,472212
2898,160908,49,45,472214
2899,160911,49,44,472217
2900,160913,48,46,472221
2901,160914,48,47,472222
2902,160916,49,47,472224
2903,160919,49,46,472227
2904,160929,50,46,472241
2905,160930,50,47,472242
2906,160932,51,47,472244
2907,160935,51,46,472247
2908,160953,50,44,472271
2909,160954,50,45,472272
2910,160956,51,45,472274
2911,160959,51,44,472277
2912,161033,52,44,472411
2913,161034,52,45,472412
2914,161036,53,45,472414
2915,161039,53,44,472417
2916,161041,52,46,472421
2917,161042,52,47,472422
2918,161044,53,47,472424
2919,161047,53,46,472427
2920,161057,54,46,472441
2921,161058,54,47,472442
2922,161060,55,47,472444
2923,161063,55,46,472447
2924,161081,54,44,472471
2925,161082,54,45,472472
2926,161084,55,45,472474
2927,161087,55,44,472477
2928,161225,52,40,472711
2929,161226,52,41,472712
2930,161228,53,41,472714
2931,161231,53,40,472717
2932,161233,52,42,472721
2933,161234,52,43,472722
2934,161236,53,43,472724
2935,161239,53,42,472727
2936,161249,54,42,472741
2937,161250,54,43,472742
2938,161252,55,43,472744
2939,161255,55,42,472747
2940,161273,54,40,472771
2941,161274,54,41,472772
2942,161276,55,41,472774
2943,161279,55,40,472777
2944,161865,56,40,474111
2945,161866,56,41,474112
2946,161868,57,41,474114
2947,161871,57,40,474117
2948,161873,56,42,474121
2949,161874,56,43,474122
2950,161876,57,43,474124
2951,161879,57,42,474127
2952,161889,58,42,474141
2953,161890,58,43,474142
2954,161892,59,43,474144
2955,161895,59,42,474147
2956,161913,58,40,474171
2957,161914,58,41,474172
2958,161916,59,41,474174
2959,161919,59,40,474177
2960,161929,56,44,474211
2961,161930,56,45,474212
2962,161932,57,45,474214
2963,161935,57,44,474217
2964,161937,56,46,474221
2965,161938,56,47,474222
2966,161940,57,47,474224
2967,161943,57,46,474227
2968,161953,58,46,474241
2969,161954,58,47,474242
2970,161956,59,47,474244
2971,161959,59,46,474247
2972,161977,58,44,474271
2973,161978,58,45,474272
2974,161980,59,45,474274
2975,161983,59,44,474277
2976,162057,60,44,474411
2977,162058,60,45,474412
2978,162060,61,45,474414
2979,162063,61,44,474417
2980,162065,60,46,474421
2981,162066,60,47,474422
2982,162068,61,47,474424
2983,162071,61,46,474427
2984,162081,62,46,474441
2985,162082,62,47,474442
2986,162084,63,47,474444
2987,162087,63,46,474447
2988,162105,62,44,474471
2989,162106,62,45,474472
2990,162108,63,45,474474
2991,162111,63,44,474477
2992,162249,60,40,474711
2993,162250,60,41,474712
2994,162252,61,41,474714
2995,162255,61,40,474717
2996,162257,60,42,474721
2997,162258,60,43,474722
2998,162260,61,43,474724
2999,162263,61,42,474727
3000,162273,62,42,474741
3001,162274,62,43,474742
3002,162276,63,43,474744
3003,162279,63,42,474747
3004,162297,62,40,474771
3005,162298,62,41,474772
3006,162300,63,41,474774
3007,162303,63,40,474777
3008,163401,56,32,477111
3009,163402,56,33,477112
3010,163404,57,33,477114
3011,163407,57,32,477117
3012,163409,56,34,477121
3013,163410,56,35,477122
3014,163412,57,35,477124
3015,163415,57,34,477127
3016,163425,58,34,477141
3017,163426,58,35,477142
3018,163428,59,35,477144
3019,163431,59,34,477147
3020,163449,58,32,477171
3021,163450,58,33,477172
3022,163452,59,33,477174
3023,163455,59,32,477177
3024,163465,56,36,477211
3025,163466,56,37,477212
3026,163468,57,37,477214
3027,163471,57,36,477217
3028,163473,56,38,477221
3029,163474,56,39,477222
3030,163476,57,39,477224
3031,163479,57,38,477227
3032,163489,58,38,477241
3033,163490,58,39,477242
3034,163492,59,39,477244
3035,163495,59,38,477247
3036,163513,58,36,477271
3037,163514,58,37,477272
3038,163516,59,37,477274
3039,163519,59,36,477277
3040,163593,60,36,477411
3041,163594,60,37,477412
3042,163596,61,37,477414
3043,163599,61,36,477417
3044,163601,60,38,477421
3045,163602,60,39,477422
3046,163604,61,39,477424
3047,163607,61,38,477427
3048,163617,62,38,477441
3049,163618,62,39,477442
3050,163620,63,39,477444
3051,163623,63,38,477447
3052,163641,62,36,477471
3053,163642,62,37,477472
3054,163644,63,37,477474
3055,163647,63,36,477477
3056,163785,60,32,477711
3057,163786,60,33,477712
3058,163788,61,33,477714
3059,163791,61,32,477717
3060,163793,60,34,477721
3061,163794,60,35,477722
3062,163796,61,35,477724
3063,163799,61,34,477727
3064,163809,62,34,477741
3065,163810,62,35,477742
3066,163812,63,35,477744
3067,163815,63,34,477747
3068,163833,62,32,477771
3069,163834,62,33,477772
3070,163836,63,33,477774
3071,163839,63,32,477777
3072,234057,32,0,711111
3073,234058,32,1,711112
3074,234060,33,1,711114
3075,234063,33,0,711117
3076,234065,32,2,711121
3077,234066,32,3,711122
3078,234068,33,3,711124
3079,234071,33,2,711127
3080,234081,34,2,711141
3081,234082,34,3,711142
3082,234084,35,3,711144
3083,234087,35,2,711147
3084,234105,34,0,711171
3085,234106,34,1,711172
3086,234108,35,1,711174
3087,234111,35,0,711177
3088,234121,32,4,711211
3089,234122,32,5,711212
3090,234124,33,5,711214
3091,234127,33,4,711217
3092,234129,32,6,711221
3093,234130,32,7,711222
3094,234132,33,7,711224
3095,234135,33,6,711227
3096,234145,34,6,711241
3097,234146,34,7,711242
3098,234148,35,7,711244
3099,234151,35,6,711247
3100,234169,34,4,711271
3101,234170,34,5,711272
3102,234172,35,5,711274
3103,234175,35,4,711277
3104,234249,36,4,711411
3105,234250,36,5,711412
3106,234252,37,5,711414
3107,234255,37,4,711417
3108,234257,36,6,711421
3109,234258,36,7,711422
3110,234260,37,7,711424
3111,234263,37,6,711427
3112,234273,38,6,711441
3113,234274,38,7,711442
3114,234276,39,7,711444
3115,234279,39,6,711447
3116,234297,38,4,711471
3117,234298,38,5,711472
3118,234300,39,5,711474
3119,234303,39,4,711477
3120,234441,36,0,711711
3121,234442,36,1,711712
3122,234444,37,1,711714
3123,234447,37,0,711717
3124,234449,36,2,711721
3125,234450,36,3,711722
3126,234452,37,3,711724
3127,234455,37,2,711727
3128,234465,38,2,711741
3129,234466,38,3,711742
3130,234468,39,3,711744
3131,234471,39,2,711747
3132,234489,38,0,711771
3133,234490,38,1,711772
3134,234492,39,1,711774
3135,234495,39,0,711777
3136,234569,32,8,712111
3137,234570,32,9,712112
3138,234572,33,9,712114
3139,234575,33,8,712117
3140,234577,32,10,712121
3141,234578,32,11,712122
3142,234580,33,11,712124
3143,234583,33,10,712127
3144,234593,34,10,712141
3145,234594,34,11,712142
3146,234596,35,11,712144
3147,234599,35,10,712147
3148,234617,34,8,712171
3149,234618,34,9,712172
3150,234620,35,9,712174
3151,234623,35,8,712177
3152,234633,32,12,712211
3153,234634,32,13,712212
3154,234636,33,13,712214
3155,234639,33,12,712217
3156,234641,32,14,712221
3157,234642,32,15,712222
3158,234644,33,15,712224
3159,234647,33,14,712227
3160,234657,34,14,712241
3161,234658,34,15,712242
3162,234660,35,15,712244
3163,234663,35,14,712247
3164,234681,34,12,712271
3165,234682,34,13,712272
3166,234684,35,13,712274
3167,234687,35,12,712277
3168,234761,36,12,712411
3169,234762,36,13,712412
3170,234764,37,13,712414
3171,234767,37,12,712417
3172,234769,36,14,712421
3173,234770,36,15,712422
3174,234772,37,15,712424
3175,234775,37,14,712427
3176,234785,38,14,712441
3177,234786,38,15,712442
3178,234788,39,15,712444
3179,234791,39,14,712447
3180,234809,38,12,712471
3181,234810,38,13,712472
3182,234812,39,13,712474
3183,234815,39,12,712477
3184,234953,36,8,712711
3185,234954,36,9,712712
3186,234956,37,9,712714
3187,234959,37,8,712717
3188,234961,36,10,712721
3189,234962,36,11,712722
3190,234964,37,11,712724
3191,234967,37,10,712727
3192,234977,38,10,712741
3193,234978,38,11,712742
3194,234980,39,11,712744
3195,234983,39,10,712747
3196,235001,38,8,712771
3197,235002,38,9,712772
3198,235004,39,9,712774
3199,235007,39,8,712777
3200,235593,40,8,714111
3201,235594,40,9,714112
3202,235596,41,9,714114
3203,235599,41,8,714117
3204,235601,40,10,714121
3205,235602,40,11,714122
3206,235604,41,11,714124
3207,235607,41,10,714127
3208,235617,42,10,714141
3209,235618,42,11,714142
3210,235620,43,11,714144
3211,235623,43,10,714147
3212,235641,42,8,714171
3213,235642,42,9,714172
3214,235644,43,9,714174
3215,235647,43,8,714177
3216,235657,40,12,714211
3217,235658,40,13,714212
3218,235660,41,13,714214
3219,235663,41,12,714217
3220,235665,40,14,714221
3221,235666,40,15,714222
3222,235668,41,15,714224
3223,235671,41,14,714227
3224,235681,42,14,714241
3225,235682,42,15,714242
3226,235684,43,15,714244
3227,235687,43,14,714247
3228,235705,42,12,714271
3229,235706,42,13,714272
3230,235708,43,13,714274
3231,235711,43,12,714277
3232,235785,44,12,714411
3233,235786,44,13,714412
3234,235788,45,13,714414
3235,235791,45,12,714417
3236,235793,44,14,714421
3237,235794,44,15,714422
3238,235796,45,15,714424
3239,235799,45,14,714427
3240,235809,46,14,714441
3241,235810,46,15,714442
3242,235812,47,15,714444
3243,235815,47,14,714447
3244,235833,46,12,714471
3245,235834,46,13,714472
3246,235836,47,13,714474
3247,235839,47,12,714477
3248,235977,44,8,714711
3249,235978,44,9,714712
3250,235980,45,9,714714
3251,235983,45,8,714717
3252,235985,44,10,714721
3253,235986,44,11,714722
3254,235988,45,11,714724
3255,235991,45,10,714727
3256,236001,46,10,714741
3257,236002,46,11,714742
3258,236004,47,11,714744
3259,236007,47,10,714747
3260,236025,46,8,714771
3261,236026,46,9,714772
3262,236028,47,9,714774
3263,236031,47,8,714777
3264,237129,40,0,717111
3265,237130,40,1,717112
3266,237132,41,1,717114
3267,237135,41,0,717117
3268,237137,40,2,717121
3269,237138,40,3,717122
3270,237140,41,3,717124
3271,237143,41,2,717127
3272,237153,42,2,717141
3273,237154,42,3,717142
3274,237156,43,3,717144
3275,237159,43,2,717147
3276,237177,42,0,717171
3277,237178,42,1,717172
3278,237180,43,1,717174
3279,237183,43,0,717177
3280,237193,40,4,717211
3281,237194,40,5,717212
3282,237196,41,5,717214
3283,237199,41,4,717217
3284,237201,40,6,717221
3285,237202,40,7,717222
3286,237204,41,7,717224
3287,237207,41,6,717227
3288,237217,42,6,717241
3289,237218,42,7,717242
3290,237220,43,7,717244
3291,237223,43,6,717247
3292,237241,42,4,717271
3293,237242,42,5,717272
3294,237244,43,5,717274
3295,237247,43,4,717277
3296,237321,44,4,717411
3297,237322,44,5,717412
3298,237324,45,5,717414
3299,237327,45,4,717417
3300,237329,44,6,717421
3301,237330,44,7,717422
3302,237332,45,7,717424
3303,237335,45,6,717427
3304,237345,46,6,717441
3305,237346,46,7,717442
3306,237348,47,7,717444
3307,237351,47,6,717447
3308,237369,46,4,717471
3309,237370,46,5,717472
3310,237372,47,5,717474
3311,237375,47,4,717477
3312,237513,44,0,717711
3313,237514,44,1,717712
3314,237516,45,1,717714
3315,237519,45,0,717717
3316,237521,44,2,717721
3317,237522,44,3,717722
3318,237524,45,3,717724
3319,237527,45,2,717727
3320,237537,46,2,717741
3321,237538,46,3,717742
3322,237540,47,3,717744
3323,237543,47,2,717747
3324,237561,46,0,717771
3325,237562,46,1,717772
3326,237564,47,1,717774
3327,237567,47,0,717777
3328,238153,32,16,721111
3329,238154,32,17,721112
3330,238156,33,17,721114
3331,238159,33,16,721117
3332,238161,32,18,721121
3333,238162,32,19,721122
3334,238164,33,19,721124
3335,238167,33,18,721127
3336,238177,34,18,721141
3337,238178,34,19,721142
3338,238180,35,19,721144
3339,238183,35,18,721147
3340,238201,34,16,721171
3341,238202,34,17,721172
3342,238204,35,17,721174
3343,238207,35,16,721177
3344,238217,32,20,721211
3345,238218,32,21,721212
3346,238220,33,21,721214
3347,238223,33,20,721217
3348,238225,32,22,721221
3349,238226,32,23,721222
3350,238228,33,23,721224
3351,238231,33,22,721227
3352,238241,34,22,721241
3353,238242,34,23,721242
3354,238244,35,23,721244
3355,238247,35,22,721247
3356,238265,34,20,721271
3357,238266,34,21,721272
3358,238268,35,21,721274
3359,238271,35,20,721277
3360,238345,36,20,721411
3361,238346,36,21,721412
3362,238348,37,21,721414
3363,238351,37,20,721417
3364,238353,36,22,721421
3365,238354,36,23,721422
3366,238356,37,23,721424
3367,238359,37,22,721427
3368,238369,38,22,721441
3369,238370,38,23,721442
3370,238372,39,23,721444
3371,238375,39,22,721447
3372,238393,38,20,721471
3373,238394,38,21,721472
3374,238396,39,21,721474
3375,238399,39,20,721477
3376,238537,36,16,721711
3377,238538,36,17,721712
3378,238540,37,17,721714
3379,238543,37,16,721717
3380,238545,36,18,721721
3381,238546,36,19,721722
3382,238548,37,19,721724
3383,238551,37,18,721727
3384,238561,38,18,721741
3385,238562,38,19,721742
3386,238564,39,19,721744
3387,238567,39,18,721747
3388,238585,38,16,721771
3389,238586,38,17,721772
3390,238588,39,17,721774
3391,238591,39,16,721777
3392,238665,32,24,722111
3393,238666,32,25,722112
3394,238668,33,25,722114
3395,238671,33,24,722117
3396,238673,32,26,722121
3397,238674,32,27,722122
3398,238676,33,27,722124
3399,238679,33,26,722127
3400,238689,34,26,722141
3401,238690,34,27,722142
3402,238692,35,27,722144
3403,238695,35,26,722147
3404,238713,34,24,722171
3405,238714,34,25,722172
3406,238716,35,25,722174
3407,238719,35,24,722177
3408,238729,32,28,722211
3409,238730,32,29,722212
3410,238732,33,29,722214
3411,238735,33,28,722217
3412,238737,32,30,722221
3413,238738,32,31,722222
3414,238740,33,31,722224
3415,238743,33,30,722227
3416,238753,34,30,722241
3417,238754,34,31,722242
3418,238756,35,31,722244
3419,238759,35,30,722247
3420,238777,34,28,722271
3421,238778,34,29,722272
3422,238780,35,29,722274
3423,238783,35,28,722277
3424,238857,36,28,722411
3425,238858,36,29,722412
3426,238860,37,29,722414
3427,238863,37,28,722417
3428,238865,36,30,722421
3429,238866,36,31,722422
3430,238868,37,31,722424
3431,238871,37,30,722427
3432,238881,38,30,722441
3433,238882,38,31,722442
3434,238884,39,31,722444
3435,238887,39,30,722447
3436,238905,38,28,722471
3437,238906,38,29,722472
3438,238908,39,29,722474
3439,238911,39,28,722477
3440,239049,36,24,722711
3441,239050,36,25,722712
3442,239052,37,25,722714
3443,239055,37,24,722717
3444,239057,36,26,722721
3445,239058,36,27,722722
3446,239060,37,27,722724
3447,239063,37,26,722727
3448,239073,38,26,722741
3449,239074,38,27,722742
3450,239076,39,27,722744
3451,239079,39,26,722747
3452,239097,38,24,722771
3453,239098,38,25,722772
3454,239100,39,25,722774
3455,239103,39,24,722777
3456,239689,40,24,724111
3457,239690,40,25,724112
3458,239692,41,25,724114
3459,239695,41,24,724117
3460,239697,40,26,724121
3461,239698,40,27,724122
3462,239700,41,27,724124
3463,239703,41,26,724127
3464,239713,42,26,724141
3465,239714,42,27,724142
3466,239716,43,27,724144
3467,239719,43,26,724147
3468,239737,42,24,724171
3469,239738,42,25,724172
3470,239740,43,25,724174
3471,239743,43,24,724177
3472,239753,40,28,724211
3473,239754,40,29,724212
3474,239756,41,29,724214
3475,239759,41,28,724217
3476,239761,40,30,724221
3477,239762,40,31,724222
3478,239764,41,31,724224
3479,239767,41,30,724227
3480,239777,42,30,724241
3481,239778,42,31,724242
3482,239780,43,31,724244
3483,239783,43,30,724247
3484,239801,42,28,724271
3485,239802,42,29,724272
3486,239804,43,29,724274
3487,239807,43,28,724277
3488,239881,44,28,724411
3489,239882,44,29,724412
3490,239884,45,29,724414
3491,239887,45,28,724417
3492,239889,44,30,724421
3493,239890,44,31,724422
3494,239892,45,31,724424
3495,239895,45,30,724427
3496,239905,46,30,724441
3497,239906,46,31,724442
3498,239908,47,31,724444
3499,239911,47,30,724447
3500,239929,46,28,724471
3501,239930,46,29,724472
3502,239932,47,29,724474
3503,239935,47,28,724477
3504,240073,44,24,724711
3505,240074,44,25,724712
3506,240076,45,25,724714
3507,240079,45,24,724717
3508,240081,44,26,724721
3509,240082,44,27,724722
3510,240084,45,27,724724
3511,240087,45,26,724727
3512,240097,46,26,724741
3513,240098,46,27,724742
3514,240100,47,27,724744
3515,240103,47,26,724747
3516,240121,46,24,724771
3517,240122,46,25,724772
3518,240124,47,25,724774
3519,240127,47,24,724777
3520,241225,40,16,727111
3521,241226,40,17,727112
3522,241228,41,17,727114
3523,241231,41,16,727117
3524,241233,40,18,727121
3525,241234,40,19,727122
3526,241236,41,19,727124
3527,241239,41,18,727127
3528,241249,42,18,727141
3529,241250,42,19,727142
3530,241252,43,19,727144
3531,241255,43,18,727147
3532,241273,42,16,727171
3533,241274,42,17,727172
3534,241276,43,17,727174
3535,241279,43,16,727177
3536,241289,40,20,727211
3537,241290,40,21,727212
3538,241292,41,21,727214
3539,241295,41,20,727217
3540,241297,40,22,727221
3541,241298,40,23,727222
3542,241300,41,23,727224
3543,241303,41,22,727227
3544,241313,42,22,727241
3545,241314,42,23,727242
3546,241316,43,23,727244
3547,241319,43,22,727247
3548,241337,42,20,727271
3549,241338,42,21,727272
3550,241340,43,21,727274
3551,241343,43,20,727277
3552,241417,44,20,727411
3553,241418,44,21,727412
3554,241420,45,21,727414
3555,241423,45,20,727417
3556,241425,44,22,727421
3557,241426,44,23,727422
3558,241428,45,23,727424
3559,241431,45,22,727427
3560,241441,46,22,727441
3561,241442,46,23,727442
3562,241444,47,23,727444
3563,241447,47,22,727447
3564,241465,46,20,727471
3565,241466,46,21,727472
3566,241468,47,21,727474
3567,241471,47,20,727477
3568,241609,44,16,727711
3569,241610,44,17,727712
3570,241612,45,17,727714
3571,241615,45,16,727717
3572,241617,44,18,727721
3573,241618,44,19,727722
3574,241620,45,19,727724
3575,241623,45,18,727727
3576,241633,46,18,727741
3577,241634,46,19,727742
3578,241636,47,19,727744
3579,241639,47,18,727747
3580,241657,46,16,727771
3581,241658,46,17,727772
3582,241660,47,17,727774
3583,241663,47,16,727777
3584,246345,48,16,741111
3585,246346,48,17,741112
3586,246348,49,17,741114
3587,246351,49,16,741117
3588,246353,48,18,741121
3589,246354,48,19,741122
3590,246356,49,19,741124
3591,246359,49,18,741127
3592,246369,50,18,741141
3593,246370,50,19,741142
3594,246372,51,19,741144
3595,246375,51,18,741147
3596,246393,50,16,741171
3597,246394,50,17,741172
3598,246396,51,17,741174
3599,246399,51,16,741177
3600,246409,48,20,741211
3601,246410,48,21,741212
3602,246412,49,21,741214
3603,246415,49,20,741217
3604,246417,48,22,741221
3605,246418,48,23,741222
3606,246420,49,23,741224
3607,246423,49,22,741227
3608,246433,50,22,741241
3609,246434,50,23,741242
3610,246436,51,23,741244
3611,246439,51,22,741247
3612,246457,50,20,741271
3613,246458,50,21,741272
3614,246460,51,21,741274
3615,246463,51,20,741277
3616,246537,52,20,741411
3617,246538,52,21,741412
3618,246540,53,21,741414
3619,246543,53,20,741417
3620,246545,52,22,741421
3621,246546,52,23,741422
3622,246548,53,23,741424
3623,246551,53,22,741427
3624,246561,54,22,741441
3625,246562,54,23,741442
3626,246564,55,23,741444
3627,246567,55,22,741447
3628,246585,54,20,741471
3629,246586,54,21,741472
3630,246588,55,21,741474
3631,246591,55,20,741477
3632,246729,52,16,741711
3633,246730,52,17,741712
3634,246732,53,17,741714
3635,246735,53,16,741717
3636,246737,52,18,741721
3637,246738,52,19,741722
3638,246740,53,19,741724
3639,246743,53,18,741727
3640,246753,54,18,741741
3641,246754,54,19,741742
3642,246756,55,19,741744
3643,246759,55,18,741747
3644,246777,54,16,741771
3645,246778,54,17,741772
3646,246780,55,17,741774
3647,246783,55,16,741777
3648,246857,48,24,742111
3649,246858,48,25,742112
3650,246860,49,25,742114
3651,246863,49,24,742117
3652,246865,48,26,742121
3653,246866,48,27,742122
3654,246868,49,27,742124
3655,246871,49,26,742127
3656,246881,50,26,742141
3657,246882,50,27,742142
3658,246884,51,27,742144
3659,246887,51,26,742147
3660,246905,50,24,742171
3661,246906,50,25,742172
3662,246908,51,25,742174
3663,246911,51,24,742177
3664,246921,48,28,742211
3665,246922,48,29,742212
3666,246924,49,29,742214
3667,246927,49,28,742217
3668,246929,48,30,742221
3669,246930,48,31,742222
3670,246932,49,31,742224
3671,246935,49,30,742227
3672,246945,50,30,742241
3673,246946,50,31,742242
3674,246948,51,31,742244
3675,246951,51,30,742247
3676,246969,50,28,742271
3677,246970,50,29,742272
3678,246972,51,29,742274
3679,246975,51,28,742277
3680,247049,52,28,742411
3681,247050,52,29,742412
3682,247052,53,29,742414
3683,247055,53,28,742417
3684,247057,52,30,742421
3685,247058,52,31,742422
3686,247060,53,31,742424
3687,247063,53,30,742427
3688,247073,54,30,742441
3689,247074,54,31,742442
3690,247076,55,31,742444
3691,247079,55,30,742447
3692,247097,54,28,742471
3693,247098,54,29,742472
3694,247100,55,29,742474
3695,247103,55,28,742477
3696,247241,52,24,742711
3697,247242,52,25,742712
3698,247244,53,25,742714
3699,247247,53,24,742717
3700,247249,52,26,742721
3701,247250,52,27,742722
3702,247252,53,27,742724
3703,247255,53,26,742727
3704,247265,54,26,742741
3705,247266,54,27,742742
3706,247268,55,27,742744
3707,247271,55,26,742747
3708,247289,54,24,742771
3709,247290,54,25,742772
3710,247292,55,25,742774
3711,247295,55,24,742777
3712,247881,56,24,744111
3713,247882,56,25,744112
3714,247884,57,25,744114
3715,247887,57,24,744117
3716,247889,56,26,744121
3717,247890,56,27,744122
3718,247892,57,27,744124
3719,247895,57,26,744127
3720,247905,58,26,744141
3721,247906,58,27,744142
3722,247908,59,27,744144
3723,247911,59,26,744147
3724,247929,58,24,744171
3725,247930,58,25,744172
3726,247932,59,25,744174
3727,247935,59,24,744177
3728,247945,56,28,744211
3729,247946,56,29,744212
3730,247948,57,29,744214
3731,247951,57,28,744217
3732,247953,56,30,744221
3733,247954,56,31,744222
3734,247956,57,31,744224
3735,247959,57,30,744227
3736,247969,58,30,744241
3737,247970,58,31,744242
3738,247972,59,31,744244
3739,247975,59,30,744247
3740,247993,58,28,744271
3741,247994,58,29,744272
3742,247996,59,29,744274
3743,247999,59,28,744277
3744,248073,60,28,744411
3745,248074,60,29,744412
3746,248076,61,29,744414
3747,248079,61,28,744417
3748,248081,60,30,744421
3749,248082,60,31,744422
3750,248084,61,31,744424
3751,248087,61,30,744427
3752,248097,62,30,744441
3753,248098,62,31,744442
3754,248100,63,31,744444
3755,248103,63,30,744447
3756,248121,62,28,744471
3757,248122,62,29,744472
3758,248124,63,29,744474
3759,248127,63,28,744477
3760,248265,60,24,744711
3761,248266,60,25,744712
3762,248268,61,25,744714
3763,248271,61,24,744717
3764,248273,60,26,744721
3765,248274,60,27,744722
3766,248276,61,27,744724
3767,248279,61,26,744727
3768,248289,62,26,744741
3769,248290,62,27,744742
3770,248292,63,27,744744
3771,248295,63,26,744747
3772,248313,62,24,744771
3773,248314,62,25,744772
3774,248316,63,25,744774
3775,248319,63,24,744777
3776,249417,56,16,747111
3777,249418,56,17,747112
3778,249420,57,17,747114
3779,249423,57,16,747117
3780,249425,56,18,747121
3781,249426,56,19,747122
3782,249428,57,19,747124
3783,249431,57,18,747127
3784,249441,58,18,747141
3785,249442,58,19,747142
3786,249444,59,19,747144
3787,249447,59,18,747147
3788,249465,58,16,747171
3789,249466,58,17,747172
3790,249468,59,17,747174
3791,249471,59,16,747177
3792,249481,56,20,747211
3793,249482,56,21,747212
3794,249484,57,21,747214
3795,249487,57,20,747217
3796,249489,56,22,747221
3797,249490,56,23,747222
3798,249492,57,23,747224
3799,249495,57,22,747227
3800,249505,58,22,747241
3801,249506,58,23,747242
3802,249508,59,23,747244
3803,249511,59,22,747247
3804,249529,58,20,747271
3805,249530,58,21,747272
3806,249532,59,21,747274
3807,249535,59,20,747277
3808,249609,60,20,747411
3809,249610,60,21,747412
3810,249612,61,21,747414
3811,249615,61,20,747417
3812,249617,60,22,747421
3813,249618,60,23,747422
3814,249620,61,23,747424
3815,249623,61,22,747427
3816,249633,62,22,747441
3817,249634,62,23,747442
3818,249636,63,23,747444
3819,249639,63,22,747447
3820,249657,62,20,747471
3821,249658,62,21,747472
3822,249660,63,21,747474
3823,249663,63,20,747477
3824,249801,60,16,747711
3825,249802,60,17,747712
3826,249804,61,17,747714
3827,249807,61,16,747717
3828,249809,60,18,747721
3829,249810,60,19,747722
3830,249812,61,19,747724
3831,249815,61,18,747727
3832,249825,62,18,747741
3833,249826,62,19,747742
3834,249828,63,19,747744
3835,249831,63,18,747747
3836,249849,62,16,747771
3837,249850,62,17,747772
3838,249852,63,17,747774
3839,249855,63,16,747777
3840,258633,48,0,771111
3841,258634,48,1,771112
3842,258636,49,1,771114
3843,258639,49,0,771117
3844,258641,48,2,771121
3845,258642,48,3,771122
3846,258644,49,3,771124
3847,258647,49,2,771127
3848,258657,50,2,771141
3849,258658,50,3,771142
3850,258660,51,3,771144
3851,258663,51,2,771147
3852,258681,50,0,771171
3853,258682,50,1,771172
3854,258684,51,1,771174
3855,258687,51,0,771177
3856,258697,48,4,771211
3857,258698,48,5,771212
3858,258700,49,5,771214
3859,258703,49,4,771217
3860,258705,48,6,771221
3861,258706,48,7,771222
3862,258708,49,7,771224
3863,258711,49,6,771227
3864,258721,50,6,771241
3865,258722,50,7,771242
3866,258724,51,7,771244
3867,258727,51,6,771247
3868,258745,50,4,771271
3869,258746,50,5,771272
3870,258748,51,5,771274
3871,258751,51,4,771277
3872,258825,52,4,771411
3873,258826,52,5,771412
3874,258828,53,5,771414
3875,258831,53,4,771417
3876,258833,52,6,771421
3877,258834,52,7,771422
3878,258836,53,7,771424
3879,258839,53,6,771427
3880,258849,54,6,771441
3881,258850,54,7,771442
3882,258852,55,7,771444
3883,258855,55,6,771447
3884,258873,54,4,771471
3885,258874,54,5,771472
3886,258876,55,5,771474
3887,258879,55,4,771477
3888,259017,52,0,771711
3889,259018,52,1,771712
3890,259020,53,1,771714
3891,259023,53,0,771717
3892,259025,52,2,771721
3893,259026,52,3,771722
3894,259028,53,3,771724
3895,259031,53,2,771727
3896,259041,54,2,771741
3897,259042,54,3,771742
3898,259044,55,3,771744
3899,259047,55,2,771747
3900,259065,54,0,771771
3901,259066,54,1,771772
3902,259068,55,1,771774
3903,259071,55,0,771777
3904,259145,48,8,772111
3905,259146,48,9,772112
3906,259148,49,9,772114
3907,259151,49,8,772117
3908,259153,48,10,772121
3909,259154,48,11,772122
3910,259156,49,11,772124
3911,259159,49,10,772127
3912,259169,50,10,772141
3913,259170,50,11,772142
3914,259172,51,11,772144
3915,259175,51,10,772147
3916,259193,50,8,772171
3917,259194,50,9,772172
3918,259196,51,9,772174
3919,259199,51,8,772177
3920,259209,48,12,772211
3921,259210,48,13,772212
3922,259212,49,13,772214
3923,259215,49,12,772217
3924,259217,48,14,772221
3925,259218,48,15,772222
3926,259220,49,15,772224
3927,259223,49,14,772227
3928,259233,50,14,772241
3929,259234,50,15,772242
3930,259236,51,15,772244
3931,259239,51,14,772247
3932,259257,50,12,772271
3933,259258,50,13,772272
3934,259260,51,13,772274
3935,259263,51,12,772277
3936,259337,52,12,772411
3937,259338,52,13,772412
3938,259340,53,13,772414
3939,259343,53,12,772417
3940,259345,52,14,772421
3941,259346,52,15,772422
3942,259348,53,15,772424
3943,259351,53,14,772427
3944,259361,54,14,772441
3945,259362,54,15,772442
3946,259364,55,15,772444
3947,259367,55,14,772447
3948,259385,54,12,772471
3949,259386,54,13,772472
3950,259388,55,13,772474
3951,259391,55,12,772477
3952,259529,52,8,772711
3953,259530,52,9,772712
3954,259532,53,9,772714
3955,259535,53,8,772717
3956,259537,52,10,772721
3957,259538,52,11,772722
3958,259540,53,11,772724
3959,259543,53,10,772727
3960,259553,54,10,772741
3961,259554,54,11,772742
3962,259556,55,11,772744
3963,259559,55,10,772747
3964,259577,54,8,772771
3965,259578,54,9,772772
3966,259580,55,9,772774
3967,259583,55,8,772777
3968,260169,56,8,774111
3969,260170,56,9,774112
3970,260172,57,9,774114
3971,260175,57,8,774117
3972,260177,56,10,774121
3973,260178,56,11,774122
3974,260180,57,11,774124
3975,260183,57,10,774127
3976,260193,58,10,774141
3977,260194,58,11,774142
3978,260196,59,11,774144
3979,260199,59,10,774147
3980,260217,58,8,774171
3981,260218,58,9,774172
3982,260220,59,9,774174
3983,260223,59,8,774177
3984,260233,56,12,774211
3985,260234,56,13,774212
3986,260236,57,13,774214
3987,260239,57,12,774217
3988,260241,56,14,774221
3989,260242,56,15,774222
3990,260244,57,15,774224
3991,260247,57,14,774227
3992,260257,58,14,774241
3993,260258,58,15,774242
3994,260260,59,15,774244
3995,260263,59,14,774247
3996,260281,58,12,774271
3997,260282,58,13,774272
3998,260284,59,13,774274
3999,260287,59,12,774277
4000,260361,60,12,774411
4001,260362,60,13,774412
4002,260364,61,13,774414
4003,260367,61,12,774417
4004,260369,60,14,774421
4005,260370,60,15,774422
4006,260372,61,15,774424
4007,260375,61,14,774427
4008,260385,62,14,774441
4009,260386,62,15,774442
4010,260388,63,15,774444
4011,260391,63,14,774447
4012,260409,62,12,774471
4013,260410,62,13,774472
4014,260412,63,13,774474
4015,260415,63,12,774477
4016,260553,60,8,774711
4017,260554,60,9,774712
4018,260556,61,9,774714
4019,260559,61,8,774717
4020,260561,60,10,774721
4021,260562,60,11,774722
4022,260564,61,11,774724
4023,260567,61,10,774727
4024,260577,62,10,774741
4025,260578,62,11,774742
4026,260580,63,11,774744
4027,260583,63,10,774747
4028,260601,62,8,774771
4029,260602,62,9,774772
4030,260604,63,9,774774
4031,260607,63,8,774777
4032,261705,56,0,777111
4033,261706,56,1,777112
4034,261708,57,1,777114
4035,261711,57,0,777117
4036,261713,56,2,777121
4037,261714,56,3,777122
4038,261716,57,3,777124
4039,261719,57,2,777127
4040,261729,58,2,777141
4041,261730,58,3,777142
4042,261732,59,3,777144
4043,261735,59,2,777147
4044,261753,58,0,777171
4045,261754,58,1,777172
4046,261756,59,1,777174
4047,261759,59,0,777177
4048,261769,56,4,777211
4049,261770,56,5,777212
4050,261772,57,5,777214
4051,261775,57,4,777217
4052,261777,56,6,777221
4053,261778,56,7,777222
4054,261780,57,7,777224
4055,261783,57,6,777227
4056,261793,58,6,777241
4057,261794,58,7,777242
4058,261796,59,7,777244
4059,261799,59,6,777247
4060,261817,58,4,777271
4061,261818,58,5,777272
4062,261820,59,5,777274
4063,261823,59,4,777277
4064,261897,60,4,777411
4065,261898,60,5,777412
4066,261900,61,5,777414
4067,261903,61,4,777417
4068,261905,60,6,777421
4069,261906,60,7,777422
4070,261908,61,7,777424
4071,261911,61,6,777427
4072,261921,62,6,777441
4073,261922,62,7,777442
4074,261924,63,7,777444
4075,261927,63,6,777447
4076,261945,62,4,777471
4077,261946,62,5,777472
4078,261948,63,5,777474
4079,261951,63,4,777477
4080,262089,60,0,777711
4081,262090,60,1,777712
4082,262092,61,1,777714
4083,262095,61,0,777717
4084,262097,60,2,777721
4085,262098,60,3,777722
4086,262100,61,3,777724
4087,262103,61,2,777727
4088,262113,62,2,777741
4089,262114,62,3,777742
4090,262116,63,3,777744
4091,262119,63,2,777747
4092,262137,62,0,777771
4093,262138,62,1,777772
4094,262140,63,1,777774
4095,262143,63,0,777777
